"layer","finding_id","severity","root_cause_bucket","audit_doc","source_line","original_reproducer","expected_invariant","status_v100","status_candidate","status_final","closing_commit","validation_command","validation_result","perf_result","notes"
"Layer 6 Codegen/IR","C-001","Critical","type_contracts_and_substitution","docs/audit/findings/audit_recon_pass1_codegen_2026-05-08.md","86","","- **CRITICAL - silent miscompile** - `u64` ordered comparison uses signed `icmp`","audit_reported","claimed_closed_needs_proof","proven_closed","","bin\nucleor.exe build tests\lang\audit_lane1_u64_compare.nr -o _audit_c001 --no-cache; if ($LASTEXITCODE -ne 0) { exit $LASTEXITCODE }; target\_audit_c001.exe; if ($LASTEXITCODE -ne 0) { exit $LASTEXITCODE }; bin\nucleor.exe build tests\lang\audit_lane1_u64_direct_literals.nr -o _audit_c001_literals --no-cache; if ($LASTEXITCODE -ne 0) { exit $LASTEXITCODE }; target\_audit_c001_literals.exe","PASS rc=0; typed-local and direct-suffixed-literal u64 comparisons return expected unsigned results","promoted 1.1.0 no-link 4.088s; v1.0.0 binary same source no-link 3.203s; ownership phase 2078ms; release perf debt remains open","closed with unsigned iops 38..41 plus literal suffix propagation"
"Layer 6 Codegen/IR","C-002","Critical","type_contracts_and_substitution","docs/audit/findings/audit_recon_pass1_codegen_2026-05-08.md","125","","- **CRITICAL - silent miscompile** - `u64` right-shift uses `ashr` (sign-extending)","audit_reported","claimed_closed_needs_proof","proven_closed","","bin\nucleor.exe build tests\lang\audit_lane1_u64_shift.nr -o _audit_c002 --no-cache; if ($LASTEXITCODE -ne 0) { exit $LASTEXITCODE }; target\_audit_c002.exe; if ($LASTEXITCODE -ne 0) { exit $LASTEXITCODE }; bin\nucleor.exe build tests\lang\audit_lane1_u64_direct_literals.nr -o _audit_c002_literals --no-cache; if ($LASTEXITCODE -ne 0) { exit $LASTEXITCODE }; target\_audit_c002_literals.exe","PASS rc=0; u64 right shift uses logical zero-fill for typed locals and direct suffixed literals","promoted 1.1.0 no-link 4.088s; v1.0.0 binary same source no-link 3.203s; ownership phase 2078ms; release perf debt remains open","closed with iop 25 lshr and panic_shr_u64 route"
"Layer 6 Codegen/IR","C-003","Critical","type_contracts_and_substitution","docs/audit/findings/audit_recon_pass1_codegen_2026-05-08.md","163","","- **CRITICAL - silent miscompile** - `u64` division and remainder use signed `sdiv` / `srem`","audit_reported","claimed_closed_needs_proof","proven_closed","","bin\nucleor.exe build tests\lang\audit_lane1_u64_divmod.nr -o _audit_c003 --no-cache; if ($LASTEXITCODE -ne 0) { exit $LASTEXITCODE }; target\_audit_c003.exe; if ($LASTEXITCODE -ne 0) { exit $LASTEXITCODE }; bin\nucleor.exe build tests\lang\audit_lane1_u64_direct_literals.nr -o _audit_c003_literals --no-cache; if ($LASTEXITCODE -ne 0) { exit $LASTEXITCODE }; target\_audit_c003_literals.exe","PASS rc=0; u64 div/rem use unsigned runtime helpers for typed locals and direct suffixed literals","promoted 1.1.0 no-link 4.088s; v1.0.0 binary same source no-link 3.203s; ownership phase 2078ms; release perf debt remains open","closed with panic_div_u64/panic_rem_u64 route and literal suffix propagation"
"Layer 6 Codegen/IR","C-004","High","type_contracts_and_substitution","docs/audit/findings/audit_recon_pass1_codegen_2026-05-08.md","195","","- **HIGH - optimizer-vs-runtime semantic agreement (subtle)** - bitwise fold with negative operand is silently skipped, masking a divergence-finder regression","audit_reported","claimed_closed_needs_proof","proven_closed","","powershell -NoProfile -ExecutionPolicy Bypass -File tools\validate_codegen_audit_slice.ps1 -Finding C-004","PASS rc=0; high-bit hex i64 constants fold through optimizer to constants, fixture exits 42, emitted LLVM has no residual and/or/xor i64 instructions","promoted 1.1.0 no-link median 4.127s over 7 samples; max 4.140s","closed by replacing division-based emulated bit loop with the language's native i64 bitwise operators in opt_fold_block"
"Layer 5 Concurrency/RT","F-CONC-001","Critical","concurrency_and_rt","docs/audit/findings/audit_recon_pass1_concurrency_2026-05-08.md","83","","- Atomic raw-handle layer is unsound: reconstructed/forged/freed handles cause UAF and SEGV  [CRITICAL]","audit_reported","claimed_closed_needs_proof","proven_closed","","powershell -NoProfile -ExecutionPolicy Bypass -File tools\validate_concurrency_audit_slice.ps1 -Finding F-CONC-001","PASS rc=0; struct-literal forging emits CONC-G6-OPAQUE-HANDLE, typed constructor roundtrip passes, and raw forged/freed atomic helpers return 0 without dereferencing invalid pointers","promoted 1.1.0 no-link median 4.127s over 7 samples after C-004 promotion","closed by compile-time opaque Atomic* constructor gate plus runtime registry validation for legacy raw atomic helpers"
"Layer 5 Concurrency/RT","F-CONC-002","Critical","concurrency_and_rt","docs/audit/findings/audit_recon_pass1_concurrency_2026-05-08.md","107","","- `thread_future_get` double-free crashes the process  [CRITICAL]","audit_reported","claimed_closed_needs_proof","proven_closed","","powershell -NoProfile -ExecutionPolicy Bypass -File tools\validate_concurrency_audit_slice.ps1 -Finding F-CONC-002","PASS rc=0; thread runtime has consumed guard and double-get smoke returns first result then 0 sentinel without heap crash","promoted 1.1.0 no-link 4.088s; no compiler hot-path change in this closure slice","closed by Future consumed guard plus executable double-consume smoke"
"Layer 5 Concurrency/RT","F-CONC-003","High","concurrency_and_rt","docs/audit/findings/audit_recon_pass1_concurrency_2026-05-08.md","135","","- `#[deadline]` runtime check is post-hoc; no mid-execution trap  [HIGH]","audit_reported","claimed_closed_needs_proof","proven_closed","","powershell -NoProfile -ExecutionPolicy Bypass -File tools\validate_concurrency_audit_slice.ps1 -Finding F-CONC-003","PASS rc=0; emitted LLVM includes deadline_enter, loop-header deadline_poll, and deadline_exit; runtime overrun emits RT-004 before loop completion","promoted 1.1.0 no-link median 4.183s over 7 samples; max 4.194s","closed by TLS deadline context plus scoped loop-header polling in __nuc_dl_inner_* functions"
"Layer 5 Concurrency/RT","F-CONC-004","High","concurrency_and_rt","docs/audit/findings/audit_recon_pass1_concurrency_2026-05-08.md","157","","- `#[no_alloc]` substring scanner misses RFC-listed canonical patterns  [HIGH]","audit_reported","claimed_closed_needs_proof","proven_closed","","powershell -NoProfile -ExecutionPolicy Bypass -File tools\validate_concurrency_audit_slice.ps1 -Finding F-CONC-004","PASS rc=0; Vec::with_capacity and Box::new negative fixtures emit RT-001","promoted 1.1.0 no-link 4.088s; no compiler hot-path change in this closure slice","closed for the audit-listed canonical allocation patterns covered by tests/err"
"Layer 5 Concurrency/RT","F-CONC-005","High","concurrency_and_rt","docs/audit/findings/audit_recon_pass1_concurrency_2026-05-08.md","186","","- `#[atomic]` and `#[isr]` blocking-call detection is single-hop only  [HIGH]","audit_reported","claimed_closed_needs_proof","proven_closed","","powershell -NoProfile -ExecutionPolicy Bypass -File tools\validate_concurrency_audit_slice.ps1 -Finding F-CONC-005","PASS rc=0; atomic and ISR wrapper-call negative fixtures emit ATOMIC-001","promoted 1.1.0 no-link 4.088s; no compiler hot-path change in this closure slice","closed for friendly stdlib wrapper calls conc_lock/conc_recv class covered by tests/err"
"Layer 5 Concurrency/RT","F-CONC-006","High","concurrency_and_rt","docs/audit/findings/audit_recon_pass1_concurrency_2026-05-08.md","211","","- Mutex semantics differ across platforms (Windows reentrant, POSIX non-recursive)  [HIGH]","audit_reported","claimed_closed_needs_proof","proven_closed","","powershell -NoProfile -ExecutionPolicy Bypass -File tools\validate_concurrency_audit_slice.ps1 -Finding F-CONC-006","PASS rc=0; POSIX runtime initializes PTHREAD_MUTEX_RECURSIVE and recursive mutex smoke passes","promoted 1.1.0 no-link 4.088s; runtime/source/test closure only","closed by choosing recursive mutex semantics consistently across Windows and POSIX"
"Layer 5 Concurrency/RT","F-CONC-007","High","concurrency_and_rt","docs/audit/findings/audit_recon_pass1_concurrency_2026-05-08.md","235","","- Windows channel uses 100ms polling for blocked send/recv (non-RT)  [HIGH]","audit_reported","claimed_closed_needs_proof","proven_closed","","powershell -NoProfile -ExecutionPolicy Bypass -File tools\validate_concurrency_audit_slice.ps1 -Finding F-CONC-007","PASS rc=0; Windows channel uses CONDITION_VARIABLE/SleepConditionVariableCS, omits 100ms not_empty/not_full polling, and channel roundtrip/contention tests pass","promoted 1.1.0 no-link 4.088s; runtime/source/test closure only","closed by condition-variable wait/notify and repaired channel contention proof"
"Layer 5 Concurrency/RT","F-CONC-016","High","concurrency_and_rt","docs/audit/findings/audit_recon_pass1_concurrency_2026-05-08.md","406","","- Verify suite has no contention test, no double-free test, no platform-divergence test  [HIGH]","audit_reported","claimed_closed_needs_proof","proven_closed","","powershell -NoProfile -ExecutionPolicy Bypass -File tools\validate_concurrency_audit_slice.ps1 -Finding F-CONC-016","PASS rc=0; mutex contention, channel contention, future double-get, recursive mutex semantics, and forged-handle negative fixtures all pass","promoted 1.1.0 no-link 4.088s; test/ledger closure only","closed by adding missing contention/double-consume/platform-semantics coverage and validating existing forged-handle negative"
"Layer 3 Diagnostics","F-DIAG-001","High","diagnostic_contract","docs/audit/findings/audit_recon_pass1_diagnostics_2026-05-08.md","136","","- Parse-time diagnostics emit via `panic(...)` with no source location  [HIGH]","audit_reported","claimed_closed_needs_proof","proven_closed","","powershell -NoProfile -ExecutionPolicy Bypass -File tools\validate_diagnostics_audit_slice.ps1 -Finding F-DIAG-001","PASS rc=0; parse panic fixtures PARSE-LET-SEMI and NAM-001 include line:column evidence","promoted 1.1.0 after diagnostics slice","closed by token line/column metadata and parser panic messages carrying line:column"
"Layer 3 Diagnostics","F-DIAG-003","Critical","diagnostic_contract","docs/audit/findings/audit_recon_pass1_diagnostics_2026-05-08.md","208","","- OWN-001 (use-after-move) is emitted at ""warning"" severity, build succeeds RC=0  [CRITICAL]","audit_reported","claimed_closed_needs_proof","proven_closed","","powershell -NoProfile -ExecutionPolicy Bypass -File tools\validate_diagnostics_audit_slice.ps1 -Finding F-DIAG-003","PASS rc=0; OWN-001 exits nonzero as error in use-after-move, borrow-after-move, and Box use-after-move fixtures","promoted 1.1.0 after diagnostics slice","main compiler and tools-suite mirror emit OWN-001 at error severity"
"Layer 3 Diagnostics","F-DIAG-004","High","diagnostic_contract","docs/audit/findings/audit_recon_pass1_diagnostics_2026-05-08.md","255","","- `find_linecol_in_source(source, arg, arg)` returns line=0 col=0 for non-bare-ident args  [HIGH]","audit_reported","claimed_closed_needs_proof","proven_closed","","powershell -NoProfile -ExecutionPolicy Bypass -File tools\validate_diagnostics_audit_slice.ps1 -Finding F-DIAG-004","PASS rc=0; RACE-005 for thread_spawn(worker, &mut x) renders a caret frame at the argument site","promoted 1.1.0 after diagnostics slice","spawn-boundary checker now computes line/column from the call argument byte offset"
"Layer 3 Diagnostics","F-DIAG-005","High","diagnostic_contract","docs/audit/findings/audit_recon_pass1_diagnostics_2026-05-08.md","286","","- 23 `diag_add_ex` call sites pass `0, 0` literals for line/col  [HIGH]","audit_reported","claimed_closed_needs_proof","proven_closed","","powershell -NoProfile -ExecutionPolicy Bypass -File tools\validate_diagnostics_audit_slice.ps1 -Finding F-DIAG-005","PASS rc=0; static scan finds no diag_add_ex(...,0,0) in s1 and ATOMIC-001 renders a frame","promoted 1.1.0 after diagnostics slice","hard-coded 0,0 sites replaced by fn/symbol/global location helpers"
"Layer 3 Diagnostics","F-DIAG-006","High","diagnostic_contract","docs/audit/findings/audit_recon_pass1_diagnostics_2026-05-08.md","314","","- 17 emitted codes have no negative test in `tests/err/`  [HIGH]","audit_reported","claimed_closed_needs_proof","proven_closed","","powershell -NoProfile -ExecutionPolicy Bypass -File tools\validate_diagnostics_audit_slice.ps1 -Finding F-DIAG-006","PASS rc=0; listed diagnostics including TNT-001 have tests/err EXPECT coverage","promoted 1.1.0 after diagnostics slice","coverage validator checks EXPECT headers for the audit-listed emitted codes"
"Layer 3 Diagnostics","F-DIAG-010","High","diagnostic_contract","docs/audit/findings/audit_recon_pass1_diagnostics_2026-05-08.md","397","","- TNT-001 has a suggestion entry but no actual emission path  [HIGH]","audit_reported","claimed_closed_needs_proof","proven_closed","","powershell -NoProfile -ExecutionPolicy Bypass -File tools\validate_diagnostics_audit_slice.ps1 -Finding F-DIAG-010","PASS rc=0; tainted<str> flowing to print emits error[TNT-001] with source frame","promoted 1.1.0 after diagnostics slice","main compiler now enforces explicit tainted<T> values at sensitive sinks unless sanitized"
"Layer 3 Diagnostics","F-DIAG-014","High","diagnostic_contract","docs/audit/findings/audit_recon_pass1_diagnostics_2026-05-08.md","479","","- Negative-test runner accepts diagnostic-presence regex without checking exit code  [HIGH]","audit_reported","claimed_closed_needs_proof","proven_closed","","powershell -NoProfile -ExecutionPolicy Bypass -File tools\validate_diagnostics_audit_slice.ps1 -Finding F-DIAG-014","PASS rc=0; Bash and PowerShell verify runners reject zero-exit negative tests and read EXPECT diagnostic codes","promoted 1.1.0 after diagnostics slice","negative gate is exit-code aware and EXPECT-code aware"
"Layer 10 Examples/Docs/Install","Critical-1","Critical","docs_and_release_surface","docs/audit/findings/audit_recon_pass1_examples_docs_2026-05-08.md","175","","- `nuc help` advertises three subcommands that don't exist","audit_reported","claimed_closed_needs_proof","proven_closed","","powershell -NoProfile -ExecutionPolicy Bypass -File tools\validate_examples_docs_audit_slice.ps1 -Finding Critical-1","PASS rc=0; add remove update no longer return Unknown command and route to package-management diagnostics","promoted 1.1.0 self-host md5=9db1916660cf5770162b3105df5a3fcd","tools-suite dispatcher now mirrors s1 aliases"
"Layer 10 Examples/Docs/Install","Critical-2","Critical","docs_and_release_surface","docs/audit/findings/audit_recon_pass1_examples_docs_2026-05-08.md","181","","- README-promised diagnostic codes are not in `nuc explain`","audit_reported","claimed_closed_needs_proof","proven_closed","","powershell -NoProfile -ExecutionPolicy Bypass -File tools\validate_examples_docs_audit_slice.ps1 -Finding Critical-2","PASS rc=0; README-marketed G-series diagnostics and PARSE-LET-SEMI resolve through nuc explain","promoted 1.1.0 self-host md5=9db1916660cf5770162b3105df5a3fcd","explain database populated for shipped memory-safety codes plus new parser code"
"Layer 10 Examples/Docs/Install","High-1","High","docs_and_release_surface","docs/audit/findings/audit_recon_pass1_examples_docs_2026-05-08.md","190","","- `docs/language-reference.md` self-identifies as v0.2 in a v1.0 ship","audit_reported","claimed_closed_needs_proof","proven_closed","","powershell -NoProfile -ExecutionPolicy Bypass -File tools\validate_examples_docs_audit_slice.ps1 -Finding High-1","PASS rc=0; language reference is v1.x aligned and lists RFC-0062 G-series diagnostics","promoted 1.1.0 self-host md5=9db1916660cf5770162b3105df5a3fcd","also corrected BOM policy after lexer hardening"
"Layer 10 Examples/Docs/Install","High-2","High","docs_and_release_surface","docs/audit/findings/audit_recon_pass1_examples_docs_2026-05-08.md","196","","- `examples/README.md` install snippet writes wrong run path","audit_reported","claimed_closed_needs_proof","proven_closed","","powershell -NoProfile -ExecutionPolicy Bypass -File tools\validate_examples_docs_audit_slice.ps1 -Finding High-2","PASS rc=0; examples README uses target paths for hello and my_demo on Windows and POSIX","promoted 1.1.0 self-host md5=9db1916660cf5770162b3105df5a3fcd","examples path contract now matches compiler output directory"
"Layer 10 Examples/Docs/Install","High-3","High","docs_and_release_surface","docs/audit/findings/audit_recon_pass1_examples_docs_2026-05-08.md","207","","- README/architecture promise build flags that the binary silently swallows","audit_reported","claimed_closed_needs_proof","proven_closed","","powershell -NoProfile -ExecutionPolicy Bypass -File tools\validate_examples_docs_audit_slice.ps1 -Finding High-3","PASS rc=0; unknown build flags hard-error while --release and --tier 0/1/2 are accepted and mapped to NUCLEOR_LLVM_OPT","promoted 1.1.0 self-host md5=9db1916660cf5770162b3105df5a3fcd","native link cache key now includes optimizer flag to prevent cross-tier cache reuse"
"Layer 10 Examples/Docs/Install","High-4","High","docs_and_release_surface","docs/audit/findings/audit_recon_pass1_examples_docs_2026-05-08.md","221","","- `docs/g1-default-flip-adopter-guide.md` describes a flip the README claims has shipped","audit_reported","claimed_closed_needs_proof","proven_closed","","powershell -NoProfile -ExecutionPolicy Bypass -File tools\validate_examples_docs_audit_slice.ps1 -Finding High-4","PASS rc=0; G1 adopter guide is v1.0 retrospective; manual_drop opt-out and legacy env note verified","promoted 1.1.0 self-host md5=9db1916660cf5770162b3105df5a3fcd","guide no longer describes the default flip as future work"
"Layer 1 Lexer/Parser/AST","F-001","Critical","source_bytes_and_lexer","docs/audit/findings/audit_recon_pass1_lexer_parser_2026-05-08.md","34","","[Critical] [Crash] Compiler segfaults on expression in type position","audit_reported","claimed_closed_with_proof","proven_closed","","powershell -NoProfile -ExecutionPolicy Bypass -File tools\validate_lexer_parser_audit_slice.ps1 -Finding F-001","PASS rc=0; lexer/parser audit invariant holds for F-001","promoted 1.1.0 fixed-point md5=f05068a14f0d041c8da09ef8e97b4c94; frontend-only checks, post-change perf measured separately under 4.25s gate","closed by Layer 1 validator; note/doc-drift rows are documented and proof-checked where applicable"
"Layer 1 Lexer/Parser/AST","F-002","Critical","source_bytes_and_lexer","docs/audit/findings/audit_recon_pass1_lexer_parser_2026-05-08.md","44","","[Critical] [Stack overflow] Deep `if` nesting hangs/crashes parser around 4000 levels","audit_reported","claimed_closed_with_proof","proven_closed","","powershell -NoProfile -ExecutionPolicy Bypass -File tools\validate_lexer_parser_audit_slice.ps1 -Finding F-002","PASS rc=0; lexer/parser audit invariant holds for F-002","promoted 1.1.0 fixed-point md5=f05068a14f0d041c8da09ef8e97b4c94; frontend-only checks, post-change perf measured separately under 4.25s gate","closed by Layer 1 validator; note/doc-drift rows are documented and proof-checked where applicable"
"Layer 1 Lexer/Parser/AST","F-003","Critical","source_bytes_and_lexer","docs/audit/findings/audit_recon_pass1_lexer_parser_2026-05-08.md","51","","[Critical] [Silent accept] Stray top-level garbage characters silently accepted","audit_reported","claimed_closed_with_proof","proven_closed","","powershell -NoProfile -ExecutionPolicy Bypass -File tools\validate_lexer_parser_audit_slice.ps1 -Finding F-003","PASS rc=0; lexer/parser audit invariant holds for F-003","promoted 1.1.0 fixed-point md5=f05068a14f0d041c8da09ef8e97b4c94; frontend-only checks, post-change perf measured separately under 4.25s gate","closed by Layer 1 validator; note/doc-drift rows are documented and proof-checked where applicable"
"Layer 1 Lexer/Parser/AST","F-004","High","source_bytes_and_lexer","docs/audit/findings/audit_recon_pass1_lexer_parser_2026-05-08.md","62","","[High] [Silent accept] Bare `~` (tilde) silently dropped in expression position","audit_reported","claimed_closed_with_proof","proven_closed","","powershell -NoProfile -ExecutionPolicy Bypass -File tools\validate_lexer_parser_audit_slice.ps1 -Finding F-004","PASS rc=0; lexer/parser audit invariant holds for F-004","promoted 1.1.0 fixed-point md5=f05068a14f0d041c8da09ef8e97b4c94; frontend-only checks, post-change perf measured separately under 4.25s gate","closed by Layer 1 validator; note/doc-drift rows are documented and proof-checked where applicable"
"Layer 1 Lexer/Parser/AST","F-005","High","source_bytes_and_lexer","docs/audit/findings/audit_recon_pass1_lexer_parser_2026-05-08.md","68","","[High] [Silent accept] Bare `$` silently dropped in identifier position","audit_reported","claimed_closed_with_proof","proven_closed","","powershell -NoProfile -ExecutionPolicy Bypass -File tools\validate_lexer_parser_audit_slice.ps1 -Finding F-005","PASS rc=0; lexer/parser audit invariant holds for F-005","promoted 1.1.0 fixed-point md5=f05068a14f0d041c8da09ef8e97b4c94; frontend-only checks, post-change perf measured separately under 4.25s gate","closed by Layer 1 validator; note/doc-drift rows are documented and proof-checked where applicable"
"Layer 1 Lexer/Parser/AST","F-006","High","source_bytes_and_lexer","docs/audit/findings/audit_recon_pass1_lexer_parser_2026-05-08.md","73","","[High] [Silent accept] Bare `\` (backslash) silently dropped","audit_reported","claimed_closed_with_proof","proven_closed","","powershell -NoProfile -ExecutionPolicy Bypass -File tools\validate_lexer_parser_audit_slice.ps1 -Finding F-006","PASS rc=0; lexer/parser audit invariant holds for F-006","promoted 1.1.0 fixed-point md5=f05068a14f0d041c8da09ef8e97b4c94; frontend-only checks, post-change perf measured separately under 4.25s gate","closed by Layer 1 validator; note/doc-drift rows are documented and proof-checked where applicable"
"Layer 1 Lexer/Parser/AST","F-007","High","source_bytes_and_lexer","docs/audit/findings/audit_recon_pass1_lexer_parser_2026-05-08.md","79","","[High] [Silent accept] BOM byte (UTF-8 EF BB BF) silently consumed at file start","audit_reported","claimed_closed_with_proof","proven_closed","","powershell -NoProfile -ExecutionPolicy Bypass -File tools\validate_lexer_parser_audit_slice.ps1 -Finding F-007","PASS rc=0; lexer/parser audit invariant holds for F-007","promoted 1.1.0 fixed-point md5=f05068a14f0d041c8da09ef8e97b4c94; frontend-only checks, post-change perf measured separately under 4.25s gate","closed by Layer 1 validator; note/doc-drift rows are documented and proof-checked where applicable"
"Layer 1 Lexer/Parser/AST","F-008","High","source_bytes_and_lexer","docs/audit/findings/audit_recon_pass1_lexer_parser_2026-05-08.md","84","","[High] [Silent accept] Smart quotes silently dropped (no diagnostic)","audit_reported","claimed_closed_with_proof","proven_closed","","powershell -NoProfile -ExecutionPolicy Bypass -File tools\validate_lexer_parser_audit_slice.ps1 -Finding F-008","PASS rc=0; lexer/parser audit invariant holds for F-008","promoted 1.1.0 fixed-point md5=f05068a14f0d041c8da09ef8e97b4c94; frontend-only checks, post-change perf measured separately under 4.25s gate","closed by Layer 1 validator; note/doc-drift rows are documented and proof-checked where applicable"
"Layer 1 Lexer/Parser/AST","F-009","High","source_bytes_and_lexer","docs/audit/findings/audit_recon_pass1_lexer_parser_2026-05-08.md","90","","[High] [Silent accept] Zero-width space inside keyword silently consumed","audit_reported","claimed_closed_with_proof","proven_closed","","powershell -NoProfile -ExecutionPolicy Bypass -File tools\validate_lexer_parser_audit_slice.ps1 -Finding F-009","PASS rc=0; lexer/parser audit invariant holds for F-009","promoted 1.1.0 fixed-point md5=f05068a14f0d041c8da09ef8e97b4c94; frontend-only checks, post-change perf measured separately under 4.25s gate","closed by Layer 1 validator; note/doc-drift rows are documented and proof-checked where applicable"
"Layer 1 Lexer/Parser/AST","F-010","High","source_bytes_and_lexer","docs/audit/findings/audit_recon_pass1_lexer_parser_2026-05-08.md","96","","[High] [Wrong-class] Non-ASCII identifier characters silently consumed mid-source","audit_reported","claimed_closed_with_proof","proven_closed","","powershell -NoProfile -ExecutionPolicy Bypass -File tools\validate_lexer_parser_audit_slice.ps1 -Finding F-010","PASS rc=0; lexer/parser audit invariant holds for F-010","promoted 1.1.0 fixed-point md5=f05068a14f0d041c8da09ef8e97b4c94; frontend-only checks, post-change perf measured separately under 4.25s gate","closed by Layer 1 validator; note/doc-drift rows are documented and proof-checked where applicable"
"Layer 1 Lexer/Parser/AST","F-011","Critical","source_bytes_and_lexer","docs/audit/findings/audit_recon_pass1_lexer_parser_2026-05-08.md","102","","[Critical] [Silent miscompile + corruption] NUL byte mid-source truncates compilation silently","audit_reported","claimed_closed_with_proof","proven_closed","","powershell -NoProfile -ExecutionPolicy Bypass -File tools\validate_lexer_parser_audit_slice.ps1 -Finding F-011","PASS rc=0; lexer/parser audit invariant holds for F-011","promoted 1.1.0 fixed-point md5=f05068a14f0d041c8da09ef8e97b4c94; frontend-only checks, post-change perf measured separately under 4.25s gate","closed by Layer 1 validator; note/doc-drift rows are documented and proof-checked where applicable"
"Layer 1 Lexer/Parser/AST","F-012","Critical","source_bytes_and_lexer","docs/audit/findings/audit_recon_pass1_lexer_parser_2026-05-08.md","109","","[Critical] [Silent miscompile] `let x: i64 = 1 2 3 4 5;` silently parses, drops 2/3/4","audit_reported","claimed_closed_with_proof","proven_closed","","powershell -NoProfile -ExecutionPolicy Bypass -File tools\validate_lexer_parser_audit_slice.ps1 -Finding F-012","PASS rc=0; lexer/parser audit invariant holds for F-012","promoted 1.1.0 fixed-point md5=f05068a14f0d041c8da09ef8e97b4c94; frontend-only checks, post-change perf measured separately under 4.25s gate","closed by Layer 1 validator; note/doc-drift rows are documented and proof-checked where applicable"
"Layer 1 Lexer/Parser/AST","F-013","High","source_bytes_and_lexer","docs/audit/findings/audit_recon_pass1_lexer_parser_2026-05-08.md","121","","[High] [Silent accept] Missing semicolon after `let` statement silently accepted","audit_reported","claimed_closed_with_proof","proven_closed","","powershell -NoProfile -ExecutionPolicy Bypass -File tools\validate_lexer_parser_audit_slice.ps1 -Finding F-013","PASS rc=0; lexer/parser audit invariant holds for F-013","promoted 1.1.0 fixed-point md5=f05068a14f0d041c8da09ef8e97b4c94; frontend-only checks, post-change perf measured separately under 4.25s gate","closed by Layer 1 validator; note/doc-drift rows are documented and proof-checked where applicable"
"Layer 1 Lexer/Parser/AST","F-014","High","source_bytes_and_lexer","docs/audit/findings/audit_recon_pass1_lexer_parser_2026-05-08.md","134","","[High] [Silent accept] Extra closing braces `}}}}` at module scope silently accepted","audit_reported","claimed_closed_with_proof","proven_closed","","powershell -NoProfile -ExecutionPolicy Bypass -File tools\validate_lexer_parser_audit_slice.ps1 -Finding F-014","PASS rc=0; lexer/parser audit invariant holds for F-014","promoted 1.1.0 fixed-point md5=f05068a14f0d041c8da09ef8e97b4c94; frontend-only checks, post-change perf measured separately under 4.25s gate","closed by Layer 1 validator; note/doc-drift rows are documented and proof-checked where applicable"
"Layer 1 Lexer/Parser/AST","F-016","High","source_bytes_and_lexer","docs/audit/findings/audit_recon_pass1_lexer_parser_2026-05-08.md","151","","[High] [Silent accept] `0x`, `0b`, `0o` with no digits silently produce literal `0`","audit_reported","claimed_closed_with_proof","proven_closed","","powershell -NoProfile -ExecutionPolicy Bypass -File tools\validate_lexer_parser_audit_slice.ps1 -Finding F-016","PASS rc=0; lexer/parser audit invariant holds for F-016","promoted 1.1.0 fixed-point md5=f05068a14f0d041c8da09ef8e97b4c94; frontend-only checks, post-change perf measured separately under 4.25s gate","closed by Layer 1 validator; note/doc-drift rows are documented and proof-checked where applicable"
"Layer 1 Lexer/Parser/AST","F-017","High","source_bytes_and_lexer","docs/audit/findings/audit_recon_pass1_lexer_parser_2026-05-08.md","156","","[High] [Silent accept] `0x_` (underscore-only digit body) silently produces 0","audit_reported","claimed_closed_with_proof","proven_closed","","powershell -NoProfile -ExecutionPolicy Bypass -File tools\validate_lexer_parser_audit_slice.ps1 -Finding F-017","PASS rc=0; lexer/parser audit invariant holds for F-017","promoted 1.1.0 fixed-point md5=f05068a14f0d041c8da09ef8e97b4c94; frontend-only checks, post-change perf measured separately under 4.25s gate","closed by Layer 1 validator; note/doc-drift rows are documented and proof-checked where applicable"
"Layer 1 Lexer/Parser/AST","F-018","High","source_bytes_and_lexer","docs/audit/findings/audit_recon_pass1_lexer_parser_2026-05-08.md","161","","[High] [Silent accept] Trailing underscore in integer literal silently accepted","audit_reported","claimed_closed_with_proof","proven_closed","","powershell -NoProfile -ExecutionPolicy Bypass -File tools\validate_lexer_parser_audit_slice.ps1 -Finding F-018","PASS rc=0; lexer/parser audit invariant holds for F-018","promoted 1.1.0 fixed-point md5=f05068a14f0d041c8da09ef8e97b4c94; frontend-only checks, post-change perf measured separately under 4.25s gate","closed by Layer 1 validator; note/doc-drift rows are documented and proof-checked where applicable"
"Layer 1 Lexer/Parser/AST","F-019","High","source_bytes_and_lexer","docs/audit/findings/audit_recon_pass1_lexer_parser_2026-05-08.md","166","","[High] [Silent accept] Double underscore `1__2` silently accepted in numeric literal","audit_reported","claimed_closed_with_proof","proven_closed","","powershell -NoProfile -ExecutionPolicy Bypass -File tools\validate_lexer_parser_audit_slice.ps1 -Finding F-019","PASS rc=0; lexer/parser audit invariant holds for F-019","promoted 1.1.0 fixed-point md5=f05068a14f0d041c8da09ef8e97b4c94; frontend-only checks, post-change perf measured separately under 4.25s gate","closed by Layer 1 validator; note/doc-drift rows are documented and proof-checked where applicable"
"Layer 1 Lexer/Parser/AST","F-020","High","source_bytes_and_lexer","docs/audit/findings/audit_recon_pass1_lexer_parser_2026-05-08.md","171","","[High] [Silent accept] Leading zeros (`007`) silently accepted as decimal","audit_reported","claimed_closed_with_proof","proven_closed","","powershell -NoProfile -ExecutionPolicy Bypass -File tools\validate_lexer_parser_audit_slice.ps1 -Finding F-020","PASS rc=0; lexer/parser audit invariant holds for F-020","promoted 1.1.0 fixed-point md5=f05068a14f0d041c8da09ef8e97b4c94; frontend-only checks, post-change perf measured separately under 4.25s gate","closed by Layer 1 validator; note/doc-drift rows are documented and proof-checked where applicable"
"Layer 1 Lexer/Parser/AST","F-021","Critical","source_bytes_and_lexer","docs/audit/findings/audit_recon_pass1_lexer_parser_2026-05-08.md","176","","[Critical] [Silent miscompile] Hex literal > 64 bits silently wraps with no diagnostic","audit_reported","claimed_closed_with_proof","proven_closed","","powershell -NoProfile -ExecutionPolicy Bypass -File tools\validate_lexer_parser_audit_slice.ps1 -Finding F-021","PASS rc=0; lexer/parser audit invariant holds for F-021","promoted 1.1.0 fixed-point md5=f05068a14f0d041c8da09ef8e97b4c94; frontend-only checks, post-change perf measured separately under 4.25s gate","closed by Layer 1 validator; note/doc-drift rows are documented and proof-checked where applicable"
"Layer 1 Lexer/Parser/AST","F-022","High","source_bytes_and_lexer","docs/audit/findings/audit_recon_pass1_lexer_parser_2026-05-08.md","182","","[High] [Silent accept] Unknown integer suffix (`1z42`) drops suffix silently as adjacent ident","audit_reported","claimed_closed_with_proof","proven_closed","","powershell -NoProfile -ExecutionPolicy Bypass -File tools\validate_lexer_parser_audit_slice.ps1 -Finding F-022","PASS rc=0; lexer/parser audit invariant holds for F-022","promoted 1.1.0 fixed-point md5=f05068a14f0d041c8da09ef8e97b4c94; frontend-only checks, post-change perf measured separately under 4.25s gate","closed by Layer 1 validator; note/doc-drift rows are documented and proof-checked where applicable"
"Layer 1 Lexer/Parser/AST","F-023","High","source_bytes_and_lexer","docs/audit/findings/audit_recon_pass1_lexer_parser_2026-05-08.md","187","","[High] [Silent accept] Unknown int suffix `1i9` silently rewinds and drops `i9`","audit_reported","claimed_closed_with_proof","proven_closed","","powershell -NoProfile -ExecutionPolicy Bypass -File tools\validate_lexer_parser_audit_slice.ps1 -Finding F-023","PASS rc=0; lexer/parser audit invariant holds for F-023","promoted 1.1.0 fixed-point md5=f05068a14f0d041c8da09ef8e97b4c94; frontend-only checks, post-change perf measured separately under 4.25s gate","closed by Layer 1 validator; note/doc-drift rows are documented and proof-checked where applicable"
"Layer 1 Lexer/Parser/AST","F-024","High","source_bytes_and_lexer","docs/audit/findings/audit_recon_pass1_lexer_parser_2026-05-08.md","193","","[High] [Silent accept] `0xZ` invalid hex digit silently consumed as ident","audit_reported","claimed_closed_with_proof","proven_closed","","powershell -NoProfile -ExecutionPolicy Bypass -File tools\validate_lexer_parser_audit_slice.ps1 -Finding F-024","PASS rc=0; lexer/parser audit invariant holds for F-024","promoted 1.1.0 fixed-point md5=f05068a14f0d041c8da09ef8e97b4c94; frontend-only checks, post-change perf measured separately under 4.25s gate","closed by Layer 1 validator; note/doc-drift rows are documented and proof-checked where applicable"
"Layer 1 Lexer/Parser/AST","F-025","Critical","source_bytes_and_lexer","docs/audit/findings/audit_recon_pass1_lexer_parser_2026-05-08.md","198","","[Critical] [Wrong-class diagnostic] Empty char literal `''` reports ""loop labels not yet supported""","audit_reported","claimed_closed_with_proof","proven_closed","","powershell -NoProfile -ExecutionPolicy Bypass -File tools\validate_lexer_parser_audit_slice.ps1 -Finding F-025","PASS rc=0; lexer/parser audit invariant holds for F-025","promoted 1.1.0 fixed-point md5=f05068a14f0d041c8da09ef8e97b4c94; frontend-only checks, post-change perf measured separately under 4.25s gate","closed by Layer 1 validator; note/doc-drift rows are documented and proof-checked where applicable"
"Layer 1 Lexer/Parser/AST","F-026","High","source_bytes_and_lexer","docs/audit/findings/audit_recon_pass1_lexer_parser_2026-05-08.md","204","","[High] [Wrong-class diagnostic] `'ab'` (multi-char char literal) gives ""loop labels"" error","audit_reported","claimed_closed_with_proof","proven_closed","","powershell -NoProfile -ExecutionPolicy Bypass -File tools\validate_lexer_parser_audit_slice.ps1 -Finding F-026","PASS rc=0; lexer/parser audit invariant holds for F-026","promoted 1.1.0 fixed-point md5=f05068a14f0d041c8da09ef8e97b4c94; frontend-only checks, post-change perf measured separately under 4.25s gate","closed by Layer 1 validator; note/doc-drift rows are documented and proof-checked where applicable"
"Layer 1 Lexer/Parser/AST","F-027","High","source_bytes_and_lexer","docs/audit/findings/audit_recon_pass1_lexer_parser_2026-05-08.md","209","","[High] [Silent accept] Three apostrophes `'''` silently lex to lifetime token + something","audit_reported","claimed_closed_with_proof","proven_closed","","powershell -NoProfile -ExecutionPolicy Bypass -File tools\validate_lexer_parser_audit_slice.ps1 -Finding F-027","PASS rc=0; lexer/parser audit invariant holds for F-027","promoted 1.1.0 fixed-point md5=f05068a14f0d041c8da09ef8e97b4c94; frontend-only checks, post-change perf measured separately under 4.25s gate","closed by Layer 1 validator; note/doc-drift rows are documented and proof-checked where applicable"
"Layer 1 Lexer/Parser/AST","F-028","Critical","source_bytes_and_lexer","docs/audit/findings/audit_recon_pass1_lexer_parser_2026-05-08.md","214","","[Critical] [Silent miscompile] Float literals that overflow (`1e400`) silently produce Inf","audit_reported","claimed_closed_with_proof","proven_closed","","powershell -NoProfile -ExecutionPolicy Bypass -File tools\validate_lexer_parser_audit_slice.ps1 -Finding F-028","PASS rc=0; lexer/parser audit invariant holds for F-028","promoted 1.1.0 fixed-point md5=f05068a14f0d041c8da09ef8e97b4c94; frontend-only checks, post-change perf measured separately under 4.25s gate","closed by Layer 1 validator; note/doc-drift rows are documented and proof-checked where applicable"
"Layer 1 Lexer/Parser/AST","F-029","High","source_bytes_and_lexer","docs/audit/findings/audit_recon_pass1_lexer_parser_2026-05-08.md","220","","[High] [Silent accept] Multi-line string literals (raw newline inside `""...""`)","audit_reported","claimed_closed_with_proof","proven_closed","","powershell -NoProfile -ExecutionPolicy Bypass -File tools\validate_lexer_parser_audit_slice.ps1 -Finding F-029","PASS rc=0; lexer/parser audit invariant holds for F-029","promoted 1.1.0 fixed-point md5=f05068a14f0d041c8da09ef8e97b4c94; frontend-only checks, post-change perf measured separately under 4.25s gate","closed by Layer 1 validator; note/doc-drift rows are documented and proof-checked where applicable"
"Layer 1 Lexer/Parser/AST","F-030","High","source_bytes_and_lexer","docs/audit/findings/audit_recon_pass1_lexer_parser_2026-05-08.md","225","","[High] [Silent accept] Back-to-back string literals `""a""""b""` accepted as two strings","audit_reported","claimed_closed_with_proof","proven_closed","","powershell -NoProfile -ExecutionPolicy Bypass -File tools\validate_lexer_parser_audit_slice.ps1 -Finding F-030","PASS rc=0; lexer/parser audit invariant holds for F-030","promoted 1.1.0 fixed-point md5=f05068a14f0d041c8da09ef8e97b4c94; frontend-only checks, post-change perf measured separately under 4.25s gate","closed by Layer 1 validator; note/doc-drift rows are documented and proof-checked where applicable"
"Layer 1 Lexer/Parser/AST","F-031","Critical","source_bytes_and_lexer","docs/audit/findings/audit_recon_pass1_lexer_parser_2026-05-08.md","230","","[Critical] [Silent accept + dropped tokens] Stray garbage between tokens silently dropped","audit_reported","claimed_closed_with_proof","proven_closed","","powershell -NoProfile -ExecutionPolicy Bypass -File tools\validate_lexer_parser_audit_slice.ps1 -Finding F-031","PASS rc=0; lexer/parser audit invariant holds for F-031","promoted 1.1.0 fixed-point md5=f05068a14f0d041c8da09ef8e97b4c94; frontend-only checks, post-change perf measured separately under 4.25s gate","closed by Layer 1 validator; note/doc-drift rows are documented and proof-checked where applicable"
"Layer 1 Lexer/Parser/AST","F-032","High","source_bytes_and_lexer","docs/audit/findings/audit_recon_pass1_lexer_parser_2026-05-08.md","235","","[High] [Wrong-class diagnostic] `.5` (leading-dot float) gives ""parse_primary cannot start an expression at token kind 45""","audit_reported","claimed_closed_with_proof","proven_closed","","powershell -NoProfile -ExecutionPolicy Bypass -File tools\validate_lexer_parser_audit_slice.ps1 -Finding F-032","PASS rc=0; lexer/parser audit invariant holds for F-032","promoted 1.1.0 fixed-point md5=f05068a14f0d041c8da09ef8e97b4c94; frontend-only checks, post-change perf measured separately under 4.25s gate","closed by Layer 1 validator; note/doc-drift rows are documented and proof-checked where applicable"
"Layer 1 Lexer/Parser/AST","F-033","High","source_bytes_and_lexer","docs/audit/findings/audit_recon_pass1_lexer_parser_2026-05-08.md","240","","[High] [Wrong-class diagnostic] `1.` (trailing-dot float) reads as `1` then field-access `.`","audit_reported","claimed_closed_with_proof","proven_closed","","powershell -NoProfile -ExecutionPolicy Bypass -File tools\validate_lexer_parser_audit_slice.ps1 -Finding F-033","PASS rc=0; lexer/parser audit invariant holds for F-033","promoted 1.1.0 fixed-point md5=f05068a14f0d041c8da09ef8e97b4c94; frontend-only checks, post-change perf measured separately under 4.25s gate","closed by Layer 1 validator; note/doc-drift rows are documented and proof-checked where applicable"
"Layer 1 Lexer/Parser/AST","F-035","High","source_bytes_and_lexer","docs/audit/findings/audit_recon_pass1_lexer_parser_2026-05-08.md","251","","[High] [Wrong-class diagnostic] `1 + + + + + 2` mis-diagnosed as ""post-increment""","audit_reported","claimed_closed_with_proof","proven_closed","","powershell -NoProfile -ExecutionPolicy Bypass -File tools\validate_lexer_parser_audit_slice.ps1 -Finding F-035","PASS rc=0; lexer/parser audit invariant holds for F-035","promoted 1.1.0 fixed-point md5=f05068a14f0d041c8da09ef8e97b4c94; frontend-only checks, post-change perf measured separately under 4.25s gate","closed by Layer 1 validator; note/doc-drift rows are documented and proof-checked where applicable"
"Layer 1 Lexer/Parser/AST","F-036","High","source_bytes_and_lexer","docs/audit/findings/audit_recon_pass1_lexer_parser_2026-05-08.md","256","","[High] [Silent accept] Missing comma between match arms silently accepted","audit_reported","claimed_closed_with_proof","proven_closed","","powershell -NoProfile -ExecutionPolicy Bypass -File tools\validate_lexer_parser_audit_slice.ps1 -Finding F-036","PASS rc=0; lexer/parser audit invariant holds for F-036","promoted 1.1.0 fixed-point md5=f05068a14f0d041c8da09ef8e97b4c94; frontend-only checks, post-change perf measured separately under 4.25s gate","closed by Layer 1 validator; note/doc-drift rows are documented and proof-checked where applicable"
"Layer 1 Lexer/Parser/AST","F-037","High","source_bytes_and_lexer","docs/audit/findings/audit_recon_pass1_lexer_parser_2026-05-08.md","261","","[High] [Silent accept] Extra commas in fn-call args silently dropped","audit_reported","claimed_closed_with_proof","proven_closed","","powershell -NoProfile -ExecutionPolicy Bypass -File tools\validate_lexer_parser_audit_slice.ps1 -Finding F-037","PASS rc=0; lexer/parser audit invariant holds for F-037","promoted 1.1.0 fixed-point md5=f05068a14f0d041c8da09ef8e97b4c94; frontend-only checks, post-change perf measured separately under 4.25s gate","closed by Layer 1 validator; note/doc-drift rows are documented and proof-checked where applicable"
"Layer 1 Lexer/Parser/AST","F-038","High","source_bytes_and_lexer","docs/audit/findings/audit_recon_pass1_lexer_parser_2026-05-08.md","267","","[High] [Silent accept] Missing `;` at end of trailing-comma struct decl silently accepted; struct empty bodies, enum empty bodies all accepted","audit_reported","claimed_closed_with_proof","proven_closed","","powershell -NoProfile -ExecutionPolicy Bypass -File tools\validate_lexer_parser_audit_slice.ps1 -Finding F-038","PASS rc=0; lexer/parser audit invariant holds for F-038","promoted 1.1.0 fixed-point md5=f05068a14f0d041c8da09ef8e97b4c94; frontend-only checks, post-change perf measured separately under 4.25s gate","closed by Layer 1 validator; note/doc-drift rows are documented and proof-checked where applicable"
"Layer 1 Lexer/Parser/AST","F-039","High","source_bytes_and_lexer","docs/audit/findings/audit_recon_pass1_lexer_parser_2026-05-08.md","272","","[High] [Silent accept] `for i in 5..1` (descending/empty range) silently accepted","audit_reported","claimed_closed_with_proof","proven_closed","","powershell -NoProfile -ExecutionPolicy Bypass -File tools\validate_lexer_parser_audit_slice.ps1 -Finding F-039","PASS rc=0; lexer/parser audit invariant holds for F-039","promoted 1.1.0 fixed-point md5=f05068a14f0d041c8da09ef8e97b4c94; frontend-only checks, post-change perf measured separately under 4.25s gate","closed by Layer 1 validator; note/doc-drift rows are documented and proof-checked where applicable"
"Layer 1 Lexer/Parser/AST","F-041","High","source_bytes_and_lexer","docs/audit/findings/audit_recon_pass1_lexer_parser_2026-05-08.md","282","","[High] [Silent accept] Missing return type on fn declaration silently accepted","audit_reported","claimed_closed_with_proof","proven_closed","","powershell -NoProfile -ExecutionPolicy Bypass -File tools\validate_lexer_parser_audit_slice.ps1 -Finding F-041","PASS rc=0; lexer/parser audit invariant holds for F-041","promoted 1.1.0 fixed-point md5=f05068a14f0d041c8da09ef8e97b4c94; frontend-only checks, post-change perf measured separately under 4.25s gate","closed by Layer 1 validator; note/doc-drift rows are documented and proof-checked where applicable"
"Layer 1 Lexer/Parser/AST","F-046","High","source_bytes_and_lexer","docs/audit/findings/audit_recon_pass1_lexer_parser_2026-05-08.md","309","","[High] [Silent accept] CR-only line endings (`\r` between statements, no `\n`) silently parsed as if they were spaces","audit_reported","claimed_closed_with_proof","proven_closed","","powershell -NoProfile -ExecutionPolicy Bypass -File tools\validate_lexer_parser_audit_slice.ps1 -Finding F-046","PASS rc=0; lexer/parser audit invariant holds for F-046","promoted 1.1.0 fixed-point md5=f05068a14f0d041c8da09ef8e97b4c94; frontend-only checks, post-change perf measured separately under 4.25s gate","closed by Layer 1 validator; note/doc-drift rows are documented and proof-checked where applicable"
"Layer 1 Lexer/Parser/AST","F-047","High","source_bytes_and_lexer","docs/audit/findings/audit_recon_pass1_lexer_parser_2026-05-08.md","315","","[High] [Silent accept] CRLF inside string literal preserved as-is (CR + LF in resulting str)","audit_reported","claimed_closed_with_proof","proven_closed","","powershell -NoProfile -ExecutionPolicy Bypass -File tools\validate_lexer_parser_audit_slice.ps1 -Finding F-047","PASS rc=0; lexer/parser audit invariant holds for F-047","promoted 1.1.0 fixed-point md5=f05068a14f0d041c8da09ef8e97b4c94; frontend-only checks, post-change perf measured separately under 4.25s gate","closed by Layer 1 validator; note/doc-drift rows are documented and proof-checked where applicable"
"Layer 1 Lexer/Parser/AST","F-048","High","source_bytes_and_lexer","docs/audit/findings/audit_recon_pass1_lexer_parser_2026-05-08.md","320","","[High] [Wrong-class diagnostic] `let x: ;` reports OWN-008 about binding `i64` instead of NR020 missing-type","audit_reported","claimed_closed_with_proof","proven_closed","","powershell -NoProfile -ExecutionPolicy Bypass -File tools\validate_lexer_parser_audit_slice.ps1 -Finding F-048","PASS rc=0; lexer/parser audit invariant holds for F-048","promoted 1.1.0 fixed-point md5=f05068a14f0d041c8da09ef8e97b4c94; frontend-only checks, post-change perf measured separately under 4.25s gate","closed by Layer 1 validator; note/doc-drift rows are documented and proof-checked where applicable"
"Layer 1 Lexer/Parser/AST","F-050","High","source_bytes_and_lexer","docs/audit/findings/audit_recon_pass1_lexer_parser_2026-05-08.md","330","","[High] [Silent accept] `import` without quotes silently accepted","audit_reported","claimed_closed_with_proof","proven_closed","","powershell -NoProfile -ExecutionPolicy Bypass -File tools\validate_lexer_parser_audit_slice.ps1 -Finding F-050","PASS rc=0; lexer/parser audit invariant holds for F-050","promoted 1.1.0 fixed-point md5=f05068a14f0d041c8da09ef8e97b4c94; frontend-only checks, post-change perf measured separately under 4.25s gate","closed by Layer 1 validator; note/doc-drift rows are documented and proof-checked where applicable"
"Layer 1 Lexer/Parser/AST","F-051","High","source_bytes_and_lexer","docs/audit/findings/audit_recon_pass1_lexer_parser_2026-05-08.md","335","","[High] [Silent accept] `import """"` (empty path) silently accepted","audit_reported","claimed_closed_with_proof","proven_closed","","powershell -NoProfile -ExecutionPolicy Bypass -File tools\validate_lexer_parser_audit_slice.ps1 -Finding F-051","PASS rc=0; lexer/parser audit invariant holds for F-051","promoted 1.1.0 fixed-point md5=f05068a14f0d041c8da09ef8e97b4c94; frontend-only checks, post-change perf measured separately under 4.25s gate","closed by Layer 1 validator; note/doc-drift rows are documented and proof-checked where applicable"
"Layer 1 Lexer/Parser/AST","F-053","High","source_bytes_and_lexer","docs/audit/findings/audit_recon_pass1_lexer_parser_2026-05-08.md","345","","[High] [Silent accept] `||;` (closure with no body) silently accepted","audit_reported","claimed_closed_with_proof","proven_closed","","powershell -NoProfile -ExecutionPolicy Bypass -File tools\validate_lexer_parser_audit_slice.ps1 -Finding F-053","PASS rc=0; lexer/parser audit invariant holds for F-053","promoted 1.1.0 fixed-point md5=f05068a14f0d041c8da09ef8e97b4c94; frontend-only checks, post-change perf measured separately under 4.25s gate","closed by Layer 1 validator; note/doc-drift rows are documented and proof-checked where applicable"
"Layer 1 Lexer/Parser/AST","F-054","High","source_bytes_and_lexer","docs/audit/findings/audit_recon_pass1_lexer_parser_2026-05-08.md","350","","[High] [Silent accept] `let fn: i64 = 5;` (keyword as binding name) silently accepted","audit_reported","claimed_closed_with_proof","proven_closed","","powershell -NoProfile -ExecutionPolicy Bypass -File tools\validate_lexer_parser_audit_slice.ps1 -Finding F-054","PASS rc=0; lexer/parser audit invariant holds for F-054","promoted 1.1.0 fixed-point md5=f05068a14f0d041c8da09ef8e97b4c94; frontend-only checks, post-change perf measured separately under 4.25s gate","closed by Layer 1 validator; note/doc-drift rows are documented and proof-checked where applicable"
"Layer 1 Lexer/Parser/AST","F-056","High","source_bytes_and_lexer","docs/audit/findings/audit_recon_pass1_lexer_parser_2026-05-08.md","361","","[High] [Silent accept] `(-5)` and `- - 5` (multi-unary-minus) silently accepted (probably correct, but verify edge)","audit_reported","claimed_closed_with_proof","proven_closed","","powershell -NoProfile -ExecutionPolicy Bypass -File tools\validate_lexer_parser_audit_slice.ps1 -Finding F-056","PASS rc=0; lexer/parser audit invariant holds for F-056","promoted 1.1.0 fixed-point md5=f05068a14f0d041c8da09ef8e97b4c94; frontend-only checks, post-change perf measured separately under 4.25s gate","closed by Layer 1 validator; note/doc-drift rows are documented and proof-checked where applicable"
"Layer 1 Lexer/Parser/AST","F-057","High","source_bytes_and_lexer","docs/audit/findings/audit_recon_pass1_lexer_parser_2026-05-08.md","366","","[High] [Silent accept] `import` etc. directives accepting non-keyword positions","audit_reported","claimed_closed_with_proof","proven_closed","","powershell -NoProfile -ExecutionPolicy Bypass -File tools\validate_lexer_parser_audit_slice.ps1 -Finding F-057","PASS rc=0; lexer/parser audit invariant holds for F-057","promoted 1.1.0 fixed-point md5=f05068a14f0d041c8da09ef8e97b4c94; frontend-only checks, post-change perf measured separately under 4.25s gate","closed by Layer 1 validator; note/doc-drift rows are documented and proof-checked where applicable"
"Layer 1 Lexer/Parser/AST","F-058","High","source_bytes_and_lexer","docs/audit/findings/audit_recon_pass1_lexer_parser_2026-05-08.md","369","","[High] [Silent accept] Block comments `/* ... */` rejected - but with full halt instead of attempt-to-skip; halt diag itself is correct, but **doc-comments `///` and `/** */`** were not tested in this pass.","audit_reported","claimed_closed_with_proof","proven_closed","","powershell -NoProfile -ExecutionPolicy Bypass -File tools\validate_lexer_parser_audit_slice.ps1 -Finding F-058","PASS rc=0; lexer/parser audit invariant holds for F-058","promoted 1.1.0 fixed-point md5=f05068a14f0d041c8da09ef8e97b4c94; frontend-only checks, post-change perf measured separately under 4.25s gate","closed by Layer 1 validator; note/doc-drift rows are documented and proof-checked where applicable"
"Layer 1 Lexer/Parser/AST","F-060","High","source_bytes_and_lexer","docs/audit/findings/audit_recon_pass1_lexer_parser_2026-05-08.md","377","","[High] [Silent accept] String escape `\<bare-eof>` (file ends mid-escape) - diag emitted but wraps newline char in ""unknown escape""","audit_reported","claimed_closed_with_proof","proven_closed","","powershell -NoProfile -ExecutionPolicy Bypass -File tools\validate_lexer_parser_audit_slice.ps1 -Finding F-060","PASS rc=0; lexer/parser audit invariant holds for F-060","promoted 1.1.0 fixed-point md5=f05068a14f0d041c8da09ef8e97b4c94; frontend-only checks, post-change perf measured separately under 4.25s gate","closed by Layer 1 validator; note/doc-drift rows are documented and proof-checked where applicable"
"Layer 1 Lexer/Parser/AST","F-063","High","source_bytes_and_lexer","docs/audit/findings/audit_recon_pass1_lexer_parser_2026-05-08.md","388","","[High] [Silent accept] Whitespace-only and comment-only files lex/parse cleanly but fail with cryptic linker error","audit_reported","claimed_closed_with_proof","proven_closed","","powershell -NoProfile -ExecutionPolicy Bypass -File tools\validate_lexer_parser_audit_slice.ps1 -Finding F-063","PASS rc=0; lexer/parser audit invariant holds for F-063","promoted 1.1.0 fixed-point md5=f05068a14f0d041c8da09ef8e97b4c94; frontend-only checks, post-change perf measured separately under 4.25s gate","closed by Layer 1 validator; note/doc-drift rows are documented and proof-checked where applicable"
"Layer 1 Lexer/Parser/AST","F-075","High","source_bytes_and_lexer","docs/audit/findings/audit_recon_pass1_lexer_parser_2026-05-08.md","428","","[High] [Silent accept] `fn helper() { }` accepted with no `-> ReturnType`; spec 3 requires return type","audit_reported","claimed_closed_with_proof","proven_closed","","powershell -NoProfile -ExecutionPolicy Bypass -File tools\validate_lexer_parser_audit_slice.ps1 -Finding F-075","PASS rc=0; lexer/parser audit invariant holds for F-075","promoted 1.1.0 fixed-point md5=f05068a14f0d041c8da09ef8e97b4c94; frontend-only checks, post-change perf measured separately under 4.25s gate","closed by Layer 1 validator; note/doc-drift rows are documented and proof-checked where applicable"
"Layer 1 Lexer/Parser/AST","F-076","High","source_bytes_and_lexer","docs/audit/findings/audit_recon_pass1_lexer_parser_2026-05-08.md","431","","[High] [Silent accept] `1z42` (and `1abc`, etc.) parsed silently because lexer rewinds on unknown int suffix and produces ident token","audit_reported","claimed_closed_with_proof","proven_closed","","powershell -NoProfile -ExecutionPolicy Bypass -File tools\validate_lexer_parser_audit_slice.ps1 -Finding F-076","PASS rc=0; lexer/parser audit invariant holds for F-076","promoted 1.1.0 fixed-point md5=f05068a14f0d041c8da09ef8e97b4c94; frontend-only checks, post-change perf measured separately under 4.25s gate","closed by Layer 1 validator; note/doc-drift rows are documented and proof-checked where applicable"
"Layer 1 Lexer/Parser/AST","F-078","High","source_bytes_and_lexer","docs/audit/findings/audit_recon_pass1_lexer_parser_2026-05-08.md","437","","[High] [Silent accept] Many tokens consumed as expression-statements when between statements, with no diagnostic - the underlying enabling condition for most F-012-cousin findings","audit_reported","claimed_closed_with_proof","proven_closed","","powershell -NoProfile -ExecutionPolicy Bypass -File tools\validate_lexer_parser_audit_slice.ps1 -Finding F-078","PASS rc=0; lexer/parser audit invariant holds for F-078","promoted 1.1.0 fixed-point md5=f05068a14f0d041c8da09ef8e97b4c94; frontend-only checks, post-change perf measured separately under 4.25s gate","closed by Layer 1 validator; note/doc-drift rows are documented and proof-checked where applicable"
"Layer 4 Memory Safety/Effects","G1-FN-1","Critical","ownership_borrow_init_flow","docs/audit/findings/audit_recon_pass1_memsafe_2026-05-08.md","65","","(Critical) - Aliased Vec handle defeats auto-drop double-free protection","audit_reported","claimed_closed_with_proof","proven_closed","","powershell -NoProfile -ExecutionPolicy Bypass -File tools\validate_memsafe_audit_slice.ps1 -Finding G1-FN-1","PASS rc=0; err_g1_raw_handle_cast rejects owned Vec/HashMap/StringBuilder/Box raw handle casts with OWN-G1-RAW-HANDLE-CAST","promoted 1.1.0 fixed-point md5=bdc2c1b1f17756a646ad0d9b4ce65874; cold self-compile 4.171s (<4.25s cap); bash tools/check_compiler_drift.sh rc=0","Closed by type-aware cast guard before ownership identity can be erased."
"Layer 4 Memory Safety/Effects","G1-X-1","Critical","ownership_borrow_init_flow","docs/audit/findings/audit_recon_pass1_memsafe_2026-05-08.md","87","","(Critical) - Composition: alias + auto-drop double-free","audit_reported","claimed_closed_with_proof","proven_closed","","powershell -NoProfile -ExecutionPolicy Bypass -File tools\validate_memsafe_audit_slice.ps1 -Finding G1-X-1","PASS rc=0; g1_alias_auto_drop_transfer_ok runs and emitted LLVM contains exactly one __nucleor_vec_free call","promoted 1.1.0 fixed-point md5=bdc2c1b1f17756a646ad0d9b4ce65874; cold self-compile 4.171s (<4.25s cap); bash tools/check_compiler_drift.sh rc=0","Closed by typed alias transfer and IR proof that cleanup obligation is emitted once."
"Layer 4 Memory Safety/Effects","G2-A-1","Critical","ownership_borrow_init_flow","docs/audit/findings/audit_recon_pass1_memsafe_2026-05-08.md","99","","(Critical) - Multi-input lifetime mismatch silently accepted","audit_reported","claimed_closed_with_proof","proven_closed","","powershell -NoProfile -ExecutionPolicy Bypass -File tools\validate_memsafe_audit_slice.ps1 -Finding G2-A-1","PASS rc=0; multi-input explicit lifetime mismatch rejects with BORROW-G2-LIFETIME","promoted 1.1.0 fixed-point md5=bdc2c1b1f17756a646ad0d9b4ce65874; cold self-compile 4.171s (<4.25s cap); bash tools/check_compiler_drift.sh rc=0","Closed by lifetime-list lexer fix plus source-signature label recovery for explicit multi-input lifetime correspondence."
"Layer 4 Memory Safety/Effects","G2-FN-1","High","ownership_borrow_init_flow","docs/audit/findings/audit_recon_pass1_memsafe_2026-05-08.md","115","","(High) - Single-input via intermediate let-binding undermined","audit_reported","claimed_closed_with_proof","proven_closed","","powershell -NoProfile -ExecutionPolicy Bypass -File tools\validate_memsafe_audit_slice.ps1 -Finding G2-FN-1","PASS rc=0; intermediate let-binding lifetime root traces and rejects with BORROW-G2-LIFETIME","promoted 1.1.0 fixed-point md5=bdc2c1b1f17756a646ad0d9b4ce65874; cold self-compile 4.171s (<4.25s cap); bash tools/check_compiler_drift.sh rc=0","Closed by following intermediate ref roots before applying the single-input lifetime rule."
"Layer 4 Memory Safety/Effects","G3-X-1","Critical","ownership_borrow_init_flow","docs/audit/findings/audit_recon_pass1_memsafe_2026-05-08.md","137","","(Critical) - `hashmap_free` not in the rehash-guard list","audit_reported","claimed_closed_with_proof","proven_closed","","powershell -NoProfile -ExecutionPolicy Bypass -File tools\validate_memsafe_audit_slice.ps1 -Finding G3-X-1","PASS rc=0; hashmap_free while collection borrow live rejects with ALIAS-G3-HASHMAP-REHASH","promoted 1.1.0 fixed-point md5=bdc2c1b1f17756a646ad0d9b4ce65874; cold self-compile 4.171s (<4.25s cap); bash tools/check_compiler_drift.sh rc=0","Closed by including free operations in live collection-borrow invalidation."
"Layer 4 Memory Safety/Effects","G3-FP-1","High","ownership_borrow_init_flow","docs/audit/findings/audit_recon_pass1_memsafe_2026-05-08.md","152","","(High) - `Vec<&T>` audit-pass heuristic counts comments","audit_reported","claimed_closed_with_proof","proven_closed","","powershell -NoProfile -ExecutionPolicy Bypass -File tools\validate_memsafe_audit_slice.ps1 -Finding G3-FP-1","PASS rc=0; comments/strings are stripped before alias scan; no ALIAS-G3 warning emitted","promoted 1.1.0 fixed-point md5=bdc2c1b1f17756a646ad0d9b4ce65874; cold self-compile 4.171s (<4.25s cap); bash tools/check_compiler_drift.sh rc=0","Closed by scanning stripped source so comments and strings do not create alias-analysis noise."
"Layer 4 Memory Safety/Effects","G3-FN-1","High","ownership_borrow_init_flow","docs/audit/findings/audit_recon_pass1_memsafe_2026-05-08.md","160","","(High) - Per-call-site error doesn't reach `vec_extend` / `vec_append`","audit_reported","claimed_closed_with_proof","proven_closed","","powershell -NoProfile -ExecutionPolicy Bypass -File tools\validate_memsafe_audit_slice.ps1 -Finding G3-FN-1","PASS rc=0; vec_extend and vec_insert_at into Vec<&T> reject with ALIAS-G3-VEC-OF-REFS","promoted 1.1.0 fixed-point md5=bdc2c1b1f17756a646ad0d9b4ce65874; cold self-compile 4.171s (<4.25s cap); bash tools/check_compiler_drift.sh rc=0","Closed by expanding Vec-of-refs mutator coverage to vec_extend and vec_insert_at."
"Layer 4 Memory Safety/Effects","G4-B-1","Critical","ownership_borrow_init_flow","docs/audit/findings/audit_recon_pass1_memsafe_2026-05-08.md","173","","(Critical) - UAF behind `as` cast in let-init silenced","audit_reported","claimed_closed_needs_proof","proven_closed","","bin\nucleor.exe build tests\err\err_g4_cast_uaf.nr --no-cache","PASS rc=1 with OWN-G4-USE-AFTER-DROP","promoted 1.1.0 no-link 4.088s; v1.0.0 binary same source no-link 3.203s; ownership phase 2078ms; release perf debt remains open","Cast wrapper remains covered while adding conditional-free state."
"Layer 4 Memory Safety/Effects","G4-FN-1","Critical","ownership_borrow_init_flow","docs/audit/findings/audit_recon_pass1_memsafe_2026-05-08.md","192","","(Critical) - Aliased-handle double-free silent","audit_reported","claimed_closed_with_proof","proven_closed","","powershell -NoProfile -ExecutionPolicy Bypass -File tools\validate_memsafe_audit_slice.ps1 -Finding G4-FN-1","PASS rc=0; aliased Vec handle free poisons alias root and second free rejects with OWN-G4-USE-AFTER-DROP","promoted 1.1.0 fixed-point md5=bdc2c1b1f17756a646ad0d9b4ce65874; cold self-compile 4.171s (<4.25s cap); bash tools/check_compiler_drift.sh rc=0","Closed by heap alias-root tracking; freeing any alias marks the shared identity freed."
"Layer 4 Memory Safety/Effects","G4-A-1","Critical","ownership_borrow_init_flow","docs/audit/findings/audit_recon_pass1_memsafe_2026-05-08.md","207","","(Critical) - Conditional-branch UAF silent","audit_reported","claimed_closed_needs_proof","proven_closed","","bin\nucleor.exe build tests\err\err_g4_cond_free_if.nr --no-cache; bin\nucleor.exe build tests\err\err_g4_cond_free_match.nr --no-cache","PASS rc=1 with OWN-G4-USE-AFTER-DROP for if and match conditional free","promoted 1.1.0 no-link 4.088s; v1.0.0 binary same source no-link 3.203s; ownership phase 2078ms; release perf debt remains open","Closed by conditional G4 state merge plus post-join read checks."
"Layer 4 Memory Safety/Effects","G4-A-2","Critical","ownership_borrow_init_flow","docs/audit/findings/audit_recon_pass1_memsafe_2026-05-08.md","217","","(Critical) - Loop body free silent","audit_reported","claimed_closed_with_proof","proven_closed","","powershell -NoProfile -ExecutionPolicy Bypass -File tools\validate_memsafe_audit_slice.ps1 -Finding G4-A-2","PASS rc=0; loop body free state is joined with pre-loop state and post-loop read rejects with OWN-G4-USE-AFTER-DROP","promoted 1.1.0 fixed-point md5=bdc2c1b1f17756a646ad0d9b4ce65874; cold self-compile 4.171s (<4.25s cap); bash tools/check_compiler_drift.sh rc=0","Closed by loop flow-state merge for free/move/init state, not just definite-assignment state."
"Layer 4 Memory Safety/Effects","G4-FN-2","High","ownership_borrow_init_flow","docs/audit/findings/audit_recon_pass1_memsafe_2026-05-08.md","220","","(High) - Method-call form `v.free()` not detected","audit_reported","claimed_closed_with_proof","proven_closed","","powershell -NoProfile -ExecutionPolicy Bypass -File tools\validate_memsafe_audit_slice.ps1 -Finding G4-FN-2","PASS rc=0; method-form free marks receiver freed and later read rejects with OWN-G4-USE-AFTER-DROP","promoted 1.1.0 fixed-point md5=bdc2c1b1f17756a646ad0d9b4ce65874; cold self-compile 4.171s (<4.25s cap); bash tools/check_compiler_drift.sh rc=0","Closed by receiver-side method free marking for heap collection types."
"Layer 4 Memory Safety/Effects","G5-P-1","High","ownership_borrow_init_flow","docs/audit/findings/audit_recon_pass1_memsafe_2026-05-08.md","236","","(High) - `ptr_is_null()` is not defined; positive fixture fails","audit_reported","claimed_closed_with_proof","proven_closed","","powershell -NoProfile -ExecutionPolicy Bypass -File tools\validate_memsafe_audit_slice.ps1 -Finding G5-P-1","PASS rc=0; ptr_is_null intrinsic builds/runs and prints OK ptr_is_null_intrinsic","promoted 1.1.0 fixed-point md5=bdc2c1b1f17756a646ad0d9b4ce65874; cold self-compile 4.171s (<4.25s cap); bash tools/check_compiler_drift.sh rc=0","Closed with runtime intrinsic smoke; validator builds and executes the target."
"Layer 4 Memory Safety/Effects","G5-FN-1","Critical","ownership_borrow_init_flow","docs/audit/findings/audit_recon_pass1_memsafe_2026-05-08.md","246","","(Critical) - Most extern fns escape G-5 entirely","audit_reported","claimed_closed_with_proof","proven_closed","","powershell -NoProfile -ExecutionPolicy Bypass -File tools\validate_memsafe_audit_slice.ps1 -Finding G5-FN-1","PASS rc=0; heuristic extern i64 pointer-return convention rejects unguarded deref with FFI-G5-NULL-DEREF","promoted 1.1.0 fixed-point md5=bdc2c1b1f17756a646ad0d9b4ce65874; cold self-compile 4.171s (<4.25s cap); bash tools/check_compiler_drift.sh rc=0","Closed by conservative extern-name pointer-return heuristic feeding the existing G5 null-deref checker."
"Layer 4 Memory Safety/Effects","G6-A-1","Critical","ownership_borrow_init_flow","docs/audit/findings/audit_recon_pass1_memsafe_2026-05-08.md","273","","(Critical) - Custom struct-with-HashMap bypasses SEND-G6-HASHMAP","audit_reported","claimed_closed_with_proof","proven_closed","","powershell -NoProfile -ExecutionPolicy Bypass -File tools\validate_memsafe_audit_slice.ps1 -Finding G6-A-1","PASS rc=0; spawn rejects struct transitively containing HashMap with SEND-G6-HASHMAP","promoted 1.1.0 fixed-point md5=bdc2c1b1f17756a646ad0d9b4ce65874; cold self-compile 4.171s (<4.25s cap); bash tools/check_compiler_drift.sh rc=0","Closed by depth-bounded recursive non-Send classifier through struct and enum payloads."
"Layer 4 Memory Safety/Effects","G8-B-1","Critical","ownership_borrow_init_flow","docs/audit/findings/audit_recon_pass1_memsafe_2026-05-08.md","306","","(Critical) - Field projection after conditional move silenced","audit_reported","claimed_closed_needs_proof","proven_closed","","bin\nucleor.exe build tests\err\err_g8_field_after_cond_move.nr --no-cache","PASS rc=1 with OWN-G8-COND-MOVE","promoted 1.1.0 no-link 4.088s; v1.0.0 binary same source no-link 3.203s; ownership phase 2078ms; release perf debt remains open","Field/index receiver root checks mirror the bare identifier path."
"Layer 4 Memory Safety/Effects","G8-A-1","Critical","ownership_borrow_init_flow","docs/audit/findings/audit_recon_pass1_memsafe_2026-05-08.md","317","","(Critical) - Match-arm divergent move silenced","audit_reported","claimed_closed_needs_proof","proven_closed","","bin\nucleor.exe build tests\err\err_g8_match_cond_move.nr --no-cache","PASS rc=1 with OWN-G8-COND-MOVE","promoted 1.1.0 no-link 4.088s; v1.0.0 binary same source no-link 3.203s; ownership phase 2078ms; release perf debt remains open","Closed by match-arm conditional move marking and post-join read checks."
"Layer 4 Memory Safety/Effects","G8-A-2","Critical","ownership_borrow_init_flow","docs/audit/findings/audit_recon_pass1_memsafe_2026-05-08.md","324","","(Critical) - Nested-if divergent move silenced","audit_reported","claimed_closed_with_proof","proven_closed","","powershell -NoProfile -ExecutionPolicy Bypass -File tools\validate_memsafe_audit_slice.ps1 -Finding G8-A-2","PASS rc=0; nested if conditional move rejects with OWN-G8-COND-MOVE","promoted 1.1.0 fixed-point md5=bdc2c1b1f17756a646ad0d9b4ce65874; cold self-compile 4.171s (<4.25s cap); bash tools/check_compiler_drift.sh rc=0","Closed by nested flow propagation of conditional move state."
"Layer 4 Memory Safety/Effects","G8-A-3","Critical","ownership_borrow_init_flow","docs/audit/findings/audit_recon_pass1_memsafe_2026-05-08.md","329","","(Critical) - Loop-body move silenced","audit_reported","claimed_closed_with_proof","proven_closed","","powershell -NoProfile -ExecutionPolicy Bypass -File tools\validate_memsafe_audit_slice.ps1 -Finding G8-A-3","PASS rc=0; loop conditional move joins and rejects with OWN-G8-COND-MOVE","promoted 1.1.0 fixed-point md5=bdc2c1b1f17756a646ad0d9b4ce65874; cold self-compile 4.171s (<4.25s cap); bash tools/check_compiler_drift.sh rc=0","Closed by loop flow-state merge for conditional moves."
"Layer 4 Memory Safety/Effects","G9-FN-1","Critical","ownership_borrow_init_flow","docs/audit/findings/audit_recon_pass1_memsafe_2026-05-08.md","343","","(Critical) - Opt-in cliff: no attribute = framework off","audit_reported","claimed_closed_with_proof","proven_closed","","powershell -NoProfile -ExecutionPolicy Bypass -File tools\validate_memsafe_audit_slice.ps1 -Finding G9-FN-1","PASS rc=0; unannotated extern surface emits EFFECT-G10-OPT-IN-CLIFF disclosure","promoted 1.1.0 fixed-point md5=bdc2c1b1f17756a646ad0d9b4ce65874; cold self-compile 4.171s (<4.25s cap); bash tools/check_compiler_drift.sh rc=0","Closed by always-on opt-in cliff disclosure for unannotated extern/unsafe surfaces."
"Layer 8 Numeric/SI","F-NUM-001","Critical","numeric_semantics","docs/audit/findings/audit_recon_pass1_numeric_2026-05-08.md","33","","- `f64 as u8 / i8 / u16 / i16` returns the low byte(s) of the f64 BIT PATTERN, not the numeric value  [CRITICAL]","audit_reported","claimed_closed_needs_proof","proven_closed","","powershell -NoProfile -ExecutionPolicy Bypass -File tools\validate_numeric_audit_slice.ps1 -Finding F-NUM-001","PASS rc=0; f64 narrow casts return saturating-truncate numeric values and runtime contains f32/f64 narrow helper family","self-host md5 7237722f2dbb6b7c61586977080411e0 after NUM-001 promotion","closed by f64/f32 to i8/u8/i16/u16 runtime helpers plus compiler dispatch to those helpers"
"Layer 8 Numeric/SI","F-NUM-002","Critical","numeric_semantics","docs/audit/findings/audit_recon_pass1_numeric_2026-05-08.md","67","","- `unit_convert_f64` accepts cross-dimensional conversions silently (Pam, JHz, Vs, kWhdeg)  [CRITICAL]","audit_reported","claimed_closed_needs_proof","proven_closed","","powershell -NoProfile -ExecutionPolicy Bypass -File tools\validate_numeric_audit_slice.ps1 -Finding F-NUM-002","PASS rc=0; same-dimension conversions pass, cross-dimension conversion emits UNIT-DIM-001, unknown IDs emit UNIT-DIM-002","self-host md5 7237722f2dbb6b7c61586977080411e0 after NUM-001 promotion","closed by unit-category validation in nuc_unit_convert before conversion math"
"Layer 8 Numeric/SI","F-NUM-003","Critical","numeric_semantics","docs/audit/findings/audit_recon_pass1_numeric_2026-05-08.md","100","","- `bit_shift_left`, `bit_shift_right`, `bit_set`, `bit_clear`, `bit_test` invoke C undefined behaviour for shift counts  64 or < 0  [CRITICAL]","audit_reported","claimed_closed_needs_proof","proven_closed","","powershell -NoProfile -ExecutionPolicy Bypass -File tools\validate_numeric_audit_slice.ps1 -Finding F-NUM-003","PASS rc=0; valid 0..63 bit operations pass, shift count 64 and bit position -1 emit BIT-001","self-host md5 7237722f2dbb6b7c61586977080411e0 after NUM-001 promotion","closed by bit-count bounds checks and unsigned left/logical-shift casts in bitwise rod runtime"
"Layer 8 Numeric/SI","F-NUM-004","High","numeric_semantics","docs/audit/findings/audit_recon_pass1_numeric_2026-05-08.md","129","","- RFC-0015 3.2 mixed-width arithmetic (no implicit conversion) is not enforced  [HIGH]","audit_reported","claimed_closed_needs_proof","proven_closed","","powershell -NoProfile -ExecutionPolicy Bypass -File tools\validate_numeric_audit_slice.ps1 -Finding F-NUM-004","PASS rc=0; explicit cast arithmetic passes, i32+u32 and i32+i64 arithmetic reject as NUM-001","self-host md5 7237722f2dbb6b7c61586977080411e0 after strict self-build; no file-wide NUM-001 suppression","closed by NUM-001 type-check gate with contextual unsuffixed integer-literal result typing"
"Layer 7 Runtime ABI","A1","Critical","runtime_abi_and_layout","docs/audit/findings/audit_recon_pass1_runtime_abi_2026-05-08.md","513","","NVec layout divergent across 200+ rt files (no `inline_data`)","audit_reported","implemented_and_proven","proven_closed","","powershell -NoProfile -ExecutionPolicy Bypass -File tools\validate_runtime_abi_audit_slice.ps1","PASS: runtime ABI audit slice complete; NVec layout, manifest rows, Vec cap/OOM guards, str_substring OOB, proc TLS/quote, mem_rt free guard, atomic alignment","Windows cold no-link compiler samples after O2 bootstrap: median=2.636s max=2.651s","closed_by_layer7_runtime_abi_validator"
"Layer 7 Runtime ABI","A3","Critical","runtime_abi_and_layout","docs/audit/findings/audit_recon_pass1_runtime_abi_2026-05-08.md","514","","vec_push NULL deref in `NUCLEOR_OOM_LENIENT=1`","audit_reported","implemented_and_proven","proven_closed","","powershell -NoProfile -ExecutionPolicy Bypass -File tools\validate_runtime_abi_audit_slice.ps1","PASS: runtime ABI audit slice complete; NVec layout, manifest rows, Vec cap/OOM guards, str_substring OOB, proc TLS/quote, mem_rt free guard, atomic alignment","Windows cold no-link compiler samples after O2 bootstrap: median=2.636s max=2.651s","closed_by_layer7_runtime_abi_validator"
"Layer 7 Runtime ABI","V1","High","runtime_abi_and_layout","docs/audit/findings/audit_recon_pass1_runtime_abi_2026-05-08.md","515","","`str_substring` over-end OOB silent + INT truncation; panic msg lies","audit_reported","implemented_and_proven","proven_closed","","powershell -NoProfile -ExecutionPolicy Bypass -File tools\validate_runtime_abi_audit_slice.ps1","PASS: runtime ABI audit slice complete; NVec layout, manifest rows, Vec cap/OOM guards, str_substring OOB, proc TLS/quote, mem_rt free guard, atomic alignment","Windows cold no-link compiler samples after O2 bootstrap: median=2.636s max=2.651s","closed_by_layer7_runtime_abi_validator"
"Layer 7 Runtime ABI","1.2-G1..G10","High","runtime_abi_and_layout","docs/audit/findings/audit_recon_pass1_runtime_abi_2026-05-08.md","516","","10 public symbols missing from manifest (proc_*, mutex_free*, channel_close/_is_closed, vec_u8_extend_from_ptr, str_intern_stats)","audit_reported","implemented_and_proven","proven_closed","","powershell -NoProfile -ExecutionPolicy Bypass -File tools\validate_runtime_abi_audit_slice.ps1","PASS: runtime ABI audit slice complete; NVec layout, manifest rows, Vec cap/OOM guards, str_substring OOB, proc TLS/quote, mem_rt free guard, atomic alignment","Windows cold no-link compiler samples after O2 bootstrap: median=2.636s max=2.651s","closed_by_layer7_runtime_abi_validator"
"Layer 7 Runtime ABI","A2","High","runtime_abi_and_layout","docs/audit/findings/audit_recon_pass1_runtime_abi_2026-05-08.md","519","","`vec_with_capacity` int-truncates `cap > INT_MAX`","audit_reported","implemented_and_proven","proven_closed","","powershell -NoProfile -ExecutionPolicy Bypass -File tools\validate_runtime_abi_audit_slice.ps1","PASS: runtime ABI audit slice complete; NVec layout, manifest rows, Vec cap/OOM guards, str_substring OOB, proc TLS/quote, mem_rt free guard, atomic alignment","Windows cold no-link compiler samples after O2 bootstrap: median=2.636s max=2.651s","closed_by_layer7_runtime_abi_validator"
"Layer 7 Runtime ABI","A4","High","runtime_abi_and_layout","docs/audit/findings/audit_recon_pass1_runtime_abi_2026-05-08.md","520","","`vec_f32_new` and friends NULL-deref in lenient OOM mode","audit_reported","implemented_and_proven","proven_closed","","powershell -NoProfile -ExecutionPolicy Bypass -File tools\validate_runtime_abi_audit_slice.ps1","PASS: runtime ABI audit slice complete; NVec layout, manifest rows, Vec cap/OOM guards, str_substring OOB, proc TLS/quote, mem_rt free guard, atomic alignment","Windows cold no-link compiler samples after O2 bootstrap: median=2.636s max=2.651s","closed_by_layer7_runtime_abi_validator"
"Layer 7 Runtime ABI","A5","High","runtime_abi_and_layout","docs/audit/findings/audit_recon_pass1_runtime_abi_2026-05-08.md","521","","`mem_rt.c::nuc_vec_free` lacks the sentinel guard","audit_reported","implemented_and_proven","proven_closed","","powershell -NoProfile -ExecutionPolicy Bypass -File tools\validate_runtime_abi_audit_slice.ps1","PASS: runtime ABI audit slice complete; NVec layout, manifest rows, Vec cap/OOM guards, str_substring OOB, proc TLS/quote, mem_rt free guard, atomic alignment","Windows cold no-link compiler samples after O2 bootstrap: median=2.636s max=2.651s","closed_by_layer7_runtime_abi_validator"
"Layer 7 Runtime ABI","S1","High","runtime_abi_and_layout","docs/audit/findings/audit_recon_pass1_runtime_abi_2026-05-08.md","522","","const-char* helpers mix string-literal sentinels with malloc'd buffers","audit_reported","implemented_and_proven","proven_closed","","powershell -NoProfile -ExecutionPolicy Bypass -File tools\validate_runtime_abi_audit_slice.ps1","PASS: runtime ABI audit slice complete; S1 owned-empty C probe frees null/error-path strings from string/file/process helpers without crashing","Windows cold no-link compiler samples after S1: median=2.709s max=2.714s","closed_by_layer7_runtime_abi_validator"
"Layer 7 Runtime ABI","S2","High","runtime_abi_and_layout","docs/audit/findings/audit_recon_pass1_runtime_abi_2026-05-08.md","523","","`proc_capture_stdout` + global status slot races between threads","audit_reported","implemented_and_proven","proven_closed","","powershell -NoProfile -ExecutionPolicy Bypass -File tools\validate_runtime_abi_audit_slice.ps1","PASS: runtime ABI audit slice complete; NVec layout, manifest rows, Vec cap/OOM guards, str_substring OOB, proc TLS/quote, mem_rt free guard, atomic alignment","Windows cold no-link compiler samples after O2 bootstrap: median=2.636s max=2.651s","closed_by_layer7_runtime_abi_validator"
"Layer 7 Runtime ABI","S3","High","runtime_abi_and_layout","docs/audit/findings/audit_recon_pass1_runtime_abi_2026-05-08.md","524","","`proc_run1` shell injection from un-escaped `arg`","audit_reported","implemented_and_proven","proven_closed","","powershell -NoProfile -ExecutionPolicy Bypass -File tools\validate_runtime_abi_audit_slice.ps1","PASS: runtime ABI audit slice complete; NVec layout, manifest rows, Vec cap/OOM guards, str_substring OOB, proc TLS/quote, mem_rt free guard, atomic alignment","Windows cold no-link compiler samples after O2 bootstrap: median=2.636s max=2.651s","closed_by_layer7_runtime_abi_validator"
"Layer 7 Runtime ABI","C1","High","runtime_abi_and_layout","docs/audit/findings/audit_recon_pass1_runtime_abi_2026-05-08.md","525","","`__nucleor_mutex_free` missing from manifest","audit_reported","implemented_and_proven","proven_closed","","powershell -NoProfile -ExecutionPolicy Bypass -File tools\validate_runtime_abi_audit_slice.ps1","PASS: runtime ABI audit slice complete; NVec layout, manifest rows, Vec cap/OOM guards, str_substring OOB, proc TLS/quote, mem_rt free guard, atomic alignment","Windows cold no-link compiler samples after O2 bootstrap: median=2.636s max=2.651s","closed_by_layer7_runtime_abi_validator"
"Layer 7 Runtime ABI","C2","High","runtime_abi_and_layout","docs/audit/findings/audit_recon_pass1_runtime_abi_2026-05-08.md","526","","`_Atomic long long` alignment not statically asserted","audit_reported","implemented_and_proven","proven_closed","","powershell -NoProfile -ExecutionPolicy Bypass -File tools\validate_runtime_abi_audit_slice.ps1","PASS: runtime ABI audit slice complete; NVec layout, manifest rows, Vec cap/OOM guards, str_substring OOB, proc TLS/quote, mem_rt free guard, atomic alignment","Windows cold no-link compiler samples after O2 bootstrap: median=2.636s max=2.651s","closed_by_layer7_runtime_abi_validator"
"Layer 9a Stdlib Math","F-MATH-001","Critical","stdlib_domain_correctness","docs/audit/findings/audit_recon_pass1_stdlib_math_2026-05-08.md","34","","- TT-SVD is a stub, not a real decomposition  [CRITICAL]","audit_reported","closed_with_proof","proven_closed","working_tree","powershell -NoProfile -ExecutionPolicy Bypass -File tools\validate_stdlib_math_audit_slice.ps1 -Finding F-MATH-001","PASS rc=0; TT-SVD rank-1 reconstruction and public arity fixtures pass; real _td_thin_svd helper present","promoted 1.1.0 no-link 4.140s; self-host md5 a4ccec43ea47ebe2abd62f84a107ae70; drift gate green after rod_manifest regeneration","closed by real two-stage TT-SVD over flat buffers instead of identity placeholder cores"
"Layer 9a Stdlib Math","F-MATH-002","High","stdlib_domain_correctness","docs/audit/findings/audit_recon_pass1_stdlib_math_2026-05-08.md","55","","- CP-ALS uses diagonal-only ""solve"" instead of full inverse  [HIGH]","audit_reported","closed_with_proof","proven_closed","working_tree","powershell -NoProfile -ExecutionPolicy Bypass -File tools\validate_stdlib_math_audit_slice.ps1 -Finding F-MATH-002","PASS rc=0; CP-ALS rank-1 reconstruction fixture passes; A/B/C updates call dense Gram solve helper","promoted 1.1.0 no-link 4.140s; self-host md5 a4ccec43ea47ebe2abd62f84a107ae70; drift gate green after rod_manifest regeneration","closed by _td_invert_rxr + _td_factor_update dense solve for CP-ALS factor updates"
"Layer 9a Stdlib Math","F-MATH-003","Critical","stdlib_domain_correctness","docs/audit/findings/audit_recon_pass1_stdlib_math_2026-05-08.md","79","","- `nuc_ridge_predict` silently clips predictions to [0, 1]  [CRITICAL]","audit_reported","closed_with_proof","proven_closed","working_tree","powershell -NoProfile -ExecutionPolicy Bypass -File tools\validate_stdlib_math_audit_slice.ps1 -Finding F-MATH-003","PASS rc=0; ridge edge fixture predicts >1.0 and static scan finds no prediction clip assignment","promoted 1.1.0 no-link 4.140s; self-host md5 a4ccec43ea47ebe2abd62f84a107ae70; drift gate green after rod_manifest regeneration","closed by removing silent [0,1] clipping from nuc_ridge_predict"
"Layer 9a Stdlib Math","F-MATH-004","High","stdlib_domain_correctness","docs/audit/findings/audit_recon_pass1_stdlib_math_2026-05-08.md","103","","- `nuc_mat_rank` leaks SVD result objects on every call  [HIGH]","audit_reported","closed_with_proof","proven_closed","working_tree","powershell -NoProfile -ExecutionPolicy Bypass -File tools\validate_stdlib_math_audit_slice.ps1 -Finding F-MATH-004","PASS rc=0; repeated rank fixture passes and static scan confirms SVD U/S/V/result frees","promoted 1.1.0 no-link 4.140s; self-host md5 a4ccec43ea47ebe2abd62f84a107ae70; drift gate green after rod_manifest regeneration","closed by making nuc_mat_rank own and free temporary SVD result handles"
"Layer 9a Stdlib Math","F-MATH-005","High","stdlib_domain_correctness","docs/audit/findings/audit_recon_pass1_stdlib_math_2026-05-08.md","131","","- `nuc_mat_eig` only valid for symmetric matrices but rod surface accepts any square  [HIGH]","audit_reported","closed_with_proof","proven_closed","working_tree","powershell -NoProfile -ExecutionPolicy Bypass -File tools\validate_stdlib_math_audit_slice.ps1 -Finding F-MATH-005","PASS rc=0; eig edge fixture rejects non-symmetric input and accepts symmetric input; symmetry gate present","promoted 1.1.0 no-link 4.140s; self-host md5 a4ccec43ea47ebe2abd62f84a107ae70; drift gate green after rod_manifest regeneration","closed by magnitude-scaled symmetry preflight before Jacobi eigen solver"
"Layer 9a Stdlib Math","F-MATH-011","High","stdlib_domain_correctness","docs/audit/findings/audit_recon_pass1_stdlib_math_2026-05-08.md","275","","- `kmeans_f64_predict` known-broken, documented in PROBE-2 source  [HIGH]","audit_reported","closed_with_proof","proven_closed","working_tree","powershell -NoProfile -ExecutionPolicy Bypass -File tools\validate_stdlib_math_audit_slice.ps1 -Finding F-MATH-011","PASS rc=0; direct kmeans_f64_predict fixture returns labels 0,0,1,1 under strict compiler guard","promoted 1.1.0 no-link 4.140s; self-host md5 a4ccec43ea47ebe2abd62f84a107ae70; drift gate green after rod_manifest regeneration","closed by direct public KMeans predict proof plus compiler index-expression walker fix"
"Layer 9a Stdlib Math","F-MATH-012","High","stdlib_domain_correctness","docs/audit/findings/audit_recon_pass1_stdlib_math_2026-05-08.md","294","","- `decision_tree_classifier_predict_i64` known-broken, documented in PROBE-2 source  [HIGH]","audit_reported","closed_with_proof","proven_closed","working_tree","powershell -NoProfile -ExecutionPolicy Bypass -File tools\validate_stdlib_math_audit_slice.ps1 -Finding F-MATH-012","PASS rc=0; direct decision_tree_classifier_predict_i64 fixture returns expected labels under strict compiler guard","promoted 1.1.0 no-link 4.140s; self-host md5 a4ccec43ea47ebe2abd62f84a107ae70; drift gate green after rod_manifest regeneration","closed by direct public decision-tree predict proof plus compiler index-expression walker fix"
"Layer 9a Stdlib Math","F-MATH-027","High","stdlib_domain_correctness","docs/audit/findings/audit_recon_pass1_stdlib_math_2026-05-08.md","584","","- `nuc_t3_slice` accepts `idx` >= shape[dim] without bounds check; reads past end  [HIGH]","audit_reported","closed_with_proof","proven_closed","working_tree","powershell -NoProfile -ExecutionPolicy Bypass -File tools\validate_stdlib_math_audit_slice.ps1 -Finding F-MATH-027","PASS rc=0; tensor_slice valid shape fixture passes and high/negative OOB indices return 0","promoted 1.1.0 no-link 4.140s; self-host md5 a4ccec43ea47ebe2abd62f84a107ae70; drift gate green after rod_manifest regeneration","closed by dim/index bounds gate in nuc_t3_slice before offset computation"
"Layer 9b Robotics/Quantum/FFI","CRIT-LAYER9B-001","Critical","stdlib_domain_correctness","docs/audit/findings/audit_recon_pass1_stdlib_robo_quantum_ffi_2026-05-08.md","38","","- URDF default joint axis is (0,0,1) instead of URDF-spec (1,0,0)","audit_reported","closed_with_proof","proven_closed","working_tree","powershell -NoProfile -ExecutionPolicy Bypass -File tools\validate_stdlib_robo_quantum_ffi_audit_slice.ps1 -Finding CRIT-LAYER9B-001","PASS rc=0; URDF fixture confirms missing axis defaults to x=(1,0,0); runtime static check matches","promoted 1.1.0 no-link 4.140s; self-host md5 a4ccec43ea47ebe2abd62f84a107ae70; drift gate green after rod_manifest regeneration","closed by changing URDF default axis from z to x"
"Layer 9b Robotics/Quantum/FFI","CRIT-LAYER9B-002","Critical","stdlib_domain_correctness","docs/audit/findings/audit_recon_pass1_stdlib_robo_quantum_ffi_2026-05-08.md","48","","- Rust bridge string returns leak by default in current adopter test","audit_reported","closed_with_proof","proven_closed","working_tree","powershell -NoProfile -ExecutionPolicy Bypass -File tools\validate_stdlib_robo_quantum_ffi_audit_slice.ps1 -Finding CRIT-LAYER9B-002","PASS rc=0; rust_interop frees encoded/decoded strings; regex pin present; ownership harness self-test passes","promoted 1.1.0 no-link 4.140s; self-host md5 a4ccec43ea47ebe2abd62f84a107ae70; drift gate green after rod_manifest regeneration","closed by owned string free calls, rust_bridge regex pin, and fixed PowerShell ownership harness self-test"
"Layer 9b Robotics/Quantum/FFI","HIGH-LAYER9B-003","High","stdlib_domain_correctness","docs/audit/findings/audit_recon_pass1_stdlib_robo_quantum_ffi_2026-05-08.md","58","","- `qsim_init` cap (24 qubits) inconsistent with `qsim_graph` cap (1024) and silent qubit-count desync","audit_reported","closed_with_proof","proven_closed","working_tree","powershell -NoProfile -ExecutionPolicy Bypass -File tools\validate_stdlib_robo_quantum_ffi_audit_slice.ps1 -Finding HIGH-LAYER9B-003","PASS rc=0; qsim capacity/status fixture validates cap preflight and checked init behavior","promoted 1.1.0 no-link 4.140s; self-host md5 a4ccec43ea47ebe2abd62f84a107ae70; drift gate green after rod_manifest regeneration","closed by public qsim cap/status preflight surface and raw init fail-closed behavior"
"Layer 9b Robotics/Quantum/FFI","HIGH-LAYER9B-004","High","stdlib_domain_correctness","docs/audit/findings/audit_recon_pass1_stdlib_robo_quantum_ffi_2026-05-08.md","72","","- `rods_count_nonzero` uses `mag_sq > threshold` but is documented as ""above threshold"" (units mismatch)","audit_reported","closed_with_proof","proven_closed","working_tree","powershell -NoProfile -ExecutionPolicy Bypass -File tools\validate_stdlib_robo_quantum_ffi_audit_slice.ps1 -Finding HIGH-LAYER9B-004","PASS rc=0; qsim sparsity fixture confirms amplitude threshold is squared before probability comparison","promoted 1.1.0 no-link 4.140s; self-host md5 a4ccec43ea47ebe2abd62f84a107ae70; drift gate green after rod_manifest regeneration","closed by comparing probability mass against threshold * threshold"
"Layer 9b Robotics/Quantum/FFI","HIGH-LAYER9B-005","High","stdlib_domain_correctness","docs/audit/findings/audit_recon_pass1_stdlib_robo_quantum_ffi_2026-05-08.md","78","","- `qsim_swap` is implemented as 3 `qsim_cnot`, double-counts trace events and entangle-registers","audit_reported","closed_with_proof","proven_closed","working_tree","powershell -NoProfile -ExecutionPolicy Bypass -File tools\validate_stdlib_robo_quantum_ffi_audit_slice.ps1 -Finding HIGH-LAYER9B-005","PASS rc=0; SWAP auto-record/query fixtures confirm one logical SWAP DAG event and primitive state permutation","promoted 1.1.0 no-link 4.140s; self-host md5 a4ccec43ea47ebe2abd62f84a107ae70; drift gate green after rod_manifest regeneration","closed by primitive _qsim_swap_state and single SWAP trace/DAG record"
"Layer 9b Robotics/Quantum/FFI","HIGH-LAYER9B-006","High","stdlib_domain_correctness","docs/audit/findings/audit_recon_pass1_stdlib_robo_quantum_ffi_2026-05-08.md","87","","- `qsim_cnot` registers entanglement BEFORE applying the gate - reports false entanglement for control=|0","audit_reported","closed_with_proof","proven_closed","working_tree","powershell -NoProfile -ExecutionPolicy Bypass -File tools\validate_stdlib_robo_quantum_ffi_audit_slice.ps1 -Finding HIGH-LAYER9B-006","PASS rc=0; CNOT/CZ/CRK entangle fixtures confirm no false entanglement when control lacks branch mass","promoted 1.1.0 no-link 4.140s; self-host md5 a4ccec43ea47ebe2abd62f84a107ae70; drift gate green after rod_manifest regeneration","closed by conditional branch-mass preflight before entanglement registration"
"Layer 9b Robotics/Quantum/FFI","HIGH-LAYER9B-007","High","stdlib_domain_correctness","docs/audit/findings/audit_recon_pass1_stdlib_robo_quantum_ffi_2026-05-08.md","96","","- URDF parser fails on self-closing `<joint .../>` (defaults to whole-file scan)","audit_reported","closed_with_proof","proven_closed","working_tree","powershell -NoProfile -ExecutionPolicy Bypass -File tools\validate_stdlib_robo_quantum_ffi_audit_slice.ps1 -Finding HIGH-LAYER9B-007","PASS rc=0; URDF self-closing joint fixture passes and parser self_closed path is present","promoted 1.1.0 no-link 4.140s; self-host md5 a4ccec43ea47ebe2abd62f84a107ae70; drift gate green after rod_manifest regeneration","closed by bounding self-closing joint scan at the open-tag close and stopping malformed unclosed joints"
"Layer 2 Type System","F-001","High","type_contracts_and_substitution","docs/audit/findings/audit_recon_pass1_typesystem_2026-05-08.md","35","","[High] [Functional] Generic struct/fn type-parameter arity is not enforced","audit_reported","claimed_closed_with_proof","proven_closed","","powershell -NoProfile -ExecutionPolicy Bypass -File tools\validate_typesystem_audit_slice.ps1 -Finding F-001; powershell -NoProfile -ExecutionPolicy Bypass -File tools\validate_typesystem_audit_slice.ps1; bash tools/check_compiler_drift.sh","PASS rc=0; expanded validator passes this finding plus F-001..F-016/F-018/F-019/F-020/F-021 and positive generic/trait fixtures; bootstrap fixed-point md5=80c360bf3bf070eb52191bca869edb80; drift rc=0 after regenerating audit_dup_fns_report.csv","cold self-compile --no-cache elapsed=4.027s; emitted IR md5=80c360bf3bf070eb52191bca869edb80; under 4.25s cap","closed by expanded type-system validator, promoted self-host bootstrap, fixed-point proof, and drift guard"
"Layer 2 Type System","F-002","Critical","type_contracts_and_substitution","docs/audit/findings/audit_recon_pass1_typesystem_2026-05-08.md","54","","[Critical] [Functional / Inference] Silent miscompile - pattern-matching one enum's value against another enum's variants is accepted","audit_reported","claimed_closed_with_proof","proven_closed","","powershell -NoProfile -ExecutionPolicy Bypass -File tools\validate_typesystem_audit_slice.ps1 -Finding F-002; powershell -NoProfile -ExecutionPolicy Bypass -File tools\validate_typesystem_audit_slice.ps1; bash tools/check_compiler_drift.sh","PASS rc=0; expanded validator passes this finding plus F-001..F-016/F-018/F-019/F-020/F-021 and positive generic/trait fixtures; bootstrap fixed-point md5=80c360bf3bf070eb52191bca869edb80; drift rc=0 after regenerating audit_dup_fns_report.csv","cold self-compile --no-cache elapsed=4.027s; emitted IR md5=80c360bf3bf070eb52191bca869edb80; under 4.25s cap","closed by expanded type-system validator, promoted self-host bootstrap, fixed-point proof, and drift guard"
"Layer 2 Type System","F-003","Critical","type_contracts_and_substitution","docs/audit/findings/audit_recon_pass1_typesystem_2026-05-08.md","78","","[Critical] [Composition / Functional] Silent narrowing - `let b: i32 = a;` accepted for `a: i64` and truncates to low 32 bits without diagnostic","audit_reported","claimed_closed_with_proof","proven_closed","","powershell -NoProfile -ExecutionPolicy Bypass -File tools\validate_typesystem_audit_slice.ps1 -Finding F-003; powershell -NoProfile -ExecutionPolicy Bypass -File tools\validate_typesystem_audit_slice.ps1; bash tools/check_compiler_drift.sh","PASS rc=0; expanded validator passes this finding plus F-001..F-016/F-018/F-019/F-020/F-021 and positive generic/trait fixtures; bootstrap fixed-point md5=80c360bf3bf070eb52191bca869edb80; drift rc=0 after regenerating audit_dup_fns_report.csv","cold self-compile --no-cache elapsed=4.027s; emitted IR md5=80c360bf3bf070eb52191bca869edb80; under 4.25s cap","closed by expanded type-system validator, promoted self-host bootstrap, fixed-point proof, and drift guard"
"Layer 2 Type System","F-004","High","type_contracts_and_substitution","docs/audit/findings/audit_recon_pass1_typesystem_2026-05-08.md","96","","[High] [Coercion] Silent widening - `let c: i64 = a;` accepted for `a: i32`","audit_reported","claimed_closed_with_proof","proven_closed","","powershell -NoProfile -ExecutionPolicy Bypass -File tools\validate_typesystem_audit_slice.ps1 -Finding F-004; powershell -NoProfile -ExecutionPolicy Bypass -File tools\validate_typesystem_audit_slice.ps1; bash tools/check_compiler_drift.sh","PASS rc=0; expanded validator passes this finding plus F-001..F-016/F-018/F-019/F-020/F-021 and positive generic/trait fixtures; bootstrap fixed-point md5=80c360bf3bf070eb52191bca869edb80; drift rc=0 after regenerating audit_dup_fns_report.csv","cold self-compile --no-cache elapsed=4.027s; emitted IR md5=80c360bf3bf070eb52191bca869edb80; under 4.25s cap","closed by expanded type-system validator, promoted self-host bootstrap, fixed-point proof, and drift guard"
"Layer 2 Type System","F-005","High","type_contracts_and_substitution","docs/audit/findings/audit_recon_pass1_typesystem_2026-05-08.md","115","","[High] [Functional] Silent acceptance of `let f: f64 = 3` (int literal binding to f64)","audit_reported","claimed_closed_with_proof","proven_closed","","powershell -NoProfile -ExecutionPolicy Bypass -File tools\validate_typesystem_audit_slice.ps1 -Finding F-005; powershell -NoProfile -ExecutionPolicy Bypass -File tools\validate_typesystem_audit_slice.ps1; bash tools/check_compiler_drift.sh","PASS rc=0; expanded validator passes this finding plus F-001..F-016/F-018/F-019/F-020/F-021 and positive generic/trait fixtures; bootstrap fixed-point md5=80c360bf3bf070eb52191bca869edb80; drift rc=0 after regenerating audit_dup_fns_report.csv","cold self-compile --no-cache elapsed=4.027s; emitted IR md5=80c360bf3bf070eb52191bca869edb80; under 4.25s cap","closed by expanded type-system validator, promoted self-host bootstrap, fixed-point proof, and drift guard"
"Layer 2 Type System","F-006","Critical","type_contracts_and_substitution","docs/audit/findings/audit_recon_pass1_typesystem_2026-05-08.md","132","","[Critical] [Functional] Generic enum payload not type-checked against type argument","audit_reported","claimed_closed_with_proof","proven_closed","","powershell -NoProfile -ExecutionPolicy Bypass -File tools\validate_typesystem_audit_slice.ps1 -Finding F-006; powershell -NoProfile -ExecutionPolicy Bypass -File tools\validate_typesystem_audit_slice.ps1; bash tools/check_compiler_drift.sh","PASS rc=0; expanded validator passes this finding plus F-001..F-016/F-018/F-019/F-020/F-021 and positive generic/trait fixtures; bootstrap fixed-point md5=80c360bf3bf070eb52191bca869edb80; drift rc=0 after regenerating audit_dup_fns_report.csv","cold self-compile --no-cache elapsed=4.027s; emitted IR md5=80c360bf3bf070eb52191bca869edb80; under 4.25s cap","closed by expanded type-system validator, promoted self-host bootstrap, fixed-point proof, and drift guard"
"Layer 2 Type System","F-007","Critical","type_contracts_and_substitution","docs/audit/findings/audit_recon_pass1_typesystem_2026-05-08.md","151","","[Critical] [Functional] Generic struct field type not enforced after instantiation","audit_reported","claimed_closed_with_proof","proven_closed","","powershell -NoProfile -ExecutionPolicy Bypass -File tools\validate_typesystem_audit_slice.ps1 -Finding F-007; powershell -NoProfile -ExecutionPolicy Bypass -File tools\validate_typesystem_audit_slice.ps1; bash tools/check_compiler_drift.sh","PASS rc=0; expanded validator passes this finding plus F-001..F-016/F-018/F-019/F-020/F-021 and positive generic/trait fixtures; bootstrap fixed-point md5=80c360bf3bf070eb52191bca869edb80; drift rc=0 after regenerating audit_dup_fns_report.csv","cold self-compile --no-cache elapsed=4.027s; emitted IR md5=80c360bf3bf070eb52191bca869edb80; under 4.25s cap","closed by expanded type-system validator, promoted self-host bootstrap, fixed-point proof, and drift guard"
"Layer 2 Type System","F-008","High","type_contracts_and_substitution","docs/audit/findings/audit_recon_pass1_typesystem_2026-05-08.md","171","","[High] [Functional] Generic struct field initializer type not checked at construction","audit_reported","claimed_closed_with_proof","proven_closed","","powershell -NoProfile -ExecutionPolicy Bypass -File tools\validate_typesystem_audit_slice.ps1 -Finding F-008; powershell -NoProfile -ExecutionPolicy Bypass -File tools\validate_typesystem_audit_slice.ps1; bash tools/check_compiler_drift.sh","PASS rc=0; expanded validator passes this finding plus F-001..F-016/F-018/F-019/F-020/F-021 and positive generic/trait fixtures; bootstrap fixed-point md5=80c360bf3bf070eb52191bca869edb80; drift rc=0 after regenerating audit_dup_fns_report.csv","cold self-compile --no-cache elapsed=4.027s; emitted IR md5=80c360bf3bf070eb52191bca869edb80; under 4.25s cap","closed by expanded type-system validator, promoted self-host bootstrap, fixed-point proof, and drift guard"
"Layer 2 Type System","F-009","High","type_contracts_and_substitution","docs/audit/findings/audit_recon_pass1_typesystem_2026-05-08.md","189","","[High] [Functional] Trait impl missing required method (no default body) is silently accepted","audit_reported","claimed_closed_with_proof","proven_closed","","powershell -NoProfile -ExecutionPolicy Bypass -File tools\validate_typesystem_audit_slice.ps1 -Finding F-009; powershell -NoProfile -ExecutionPolicy Bypass -File tools\validate_typesystem_audit_slice.ps1; bash tools/check_compiler_drift.sh","PASS rc=0; expanded validator passes this finding plus F-001..F-016/F-018/F-019/F-020/F-021 and positive generic/trait fixtures; bootstrap fixed-point md5=80c360bf3bf070eb52191bca869edb80; drift rc=0 after regenerating audit_dup_fns_report.csv","cold self-compile --no-cache elapsed=4.027s; emitted IR md5=80c360bf3bf070eb52191bca869edb80; under 4.25s cap","closed by expanded type-system validator, promoted self-host bootstrap, fixed-point proof, and drift guard"
"Layer 2 Type System","F-010","High","type_contracts_and_substitution","docs/audit/findings/audit_recon_pass1_typesystem_2026-05-08.md","215","","[High] [Functional] Trait impl signature mismatch silently accepted","audit_reported","claimed_closed_with_proof","proven_closed","","powershell -NoProfile -ExecutionPolicy Bypass -File tools\validate_typesystem_audit_slice.ps1 -Finding F-010; powershell -NoProfile -ExecutionPolicy Bypass -File tools\validate_typesystem_audit_slice.ps1; bash tools/check_compiler_drift.sh","PASS rc=0; expanded validator passes this finding plus F-001..F-016/F-018/F-019/F-020/F-021 and positive generic/trait fixtures; bootstrap fixed-point md5=80c360bf3bf070eb52191bca869edb80; drift rc=0 after regenerating audit_dup_fns_report.csv","cold self-compile --no-cache elapsed=4.027s; emitted IR md5=80c360bf3bf070eb52191bca869edb80; under 4.25s cap","closed by expanded type-system validator, promoted self-host bootstrap, fixed-point proof, and drift guard"
"Layer 2 Type System","F-011","High","type_contracts_and_substitution","docs/audit/findings/audit_recon_pass1_typesystem_2026-05-08.md","237","","[High] [Functional] Trait impl with extra (non-trait) method silently accepted","audit_reported","claimed_closed_with_proof","proven_closed","","powershell -NoProfile -ExecutionPolicy Bypass -File tools\validate_typesystem_audit_slice.ps1 -Finding F-011; powershell -NoProfile -ExecutionPolicy Bypass -File tools\validate_typesystem_audit_slice.ps1; bash tools/check_compiler_drift.sh","PASS rc=0; expanded validator passes this finding plus F-001..F-016/F-018/F-019/F-020/F-021 and positive generic/trait fixtures; bootstrap fixed-point md5=80c360bf3bf070eb52191bca869edb80; drift rc=0 after regenerating audit_dup_fns_report.csv","cold self-compile --no-cache elapsed=4.027s; emitted IR md5=80c360bf3bf070eb52191bca869edb80; under 4.25s cap","closed by expanded type-system validator, promoted self-host bootstrap, fixed-point proof, and drift guard"
"Layer 2 Type System","F-012","High","type_contracts_and_substitution","docs/audit/findings/audit_recon_pass1_typesystem_2026-05-08.md","254","","[High] [Edge] Mutually recursive structs accepted (infinite size, F015 single-node version is rejected)","audit_reported","claimed_closed_with_proof","proven_closed","","powershell -NoProfile -ExecutionPolicy Bypass -File tools\validate_typesystem_audit_slice.ps1 -Finding F-012; powershell -NoProfile -ExecutionPolicy Bypass -File tools\validate_typesystem_audit_slice.ps1; bash tools/check_compiler_drift.sh","PASS rc=0; expanded validator passes this finding plus F-001..F-016/F-018/F-019/F-020/F-021 and positive generic/trait fixtures; bootstrap fixed-point md5=80c360bf3bf070eb52191bca869edb80; drift rc=0 after regenerating audit_dup_fns_report.csv","cold self-compile --no-cache elapsed=4.027s; emitted IR md5=80c360bf3bf070eb52191bca869edb80; under 4.25s cap","closed by expanded type-system validator, promoted self-host bootstrap, fixed-point proof, and drift guard"
"Layer 2 Type System","F-013","High","type_contracts_and_substitution","docs/audit/findings/audit_recon_pass1_typesystem_2026-05-08.md","268","","[High] [Edge] Generic self-referential struct `Wrap<T> { inner: Wrap<T> }` accepted","audit_reported","claimed_closed_with_proof","proven_closed","","powershell -NoProfile -ExecutionPolicy Bypass -File tools\validate_typesystem_audit_slice.ps1 -Finding F-013; powershell -NoProfile -ExecutionPolicy Bypass -File tools\validate_typesystem_audit_slice.ps1; bash tools/check_compiler_drift.sh","PASS rc=0; expanded validator passes this finding plus F-001..F-016/F-018/F-019/F-020/F-021 and positive generic/trait fixtures; bootstrap fixed-point md5=80c360bf3bf070eb52191bca869edb80; drift rc=0 after regenerating audit_dup_fns_report.csv","cold self-compile --no-cache elapsed=4.027s; emitted IR md5=80c360bf3bf070eb52191bca869edb80; under 4.25s cap","closed by expanded type-system validator, promoted self-host bootstrap, fixed-point proof, and drift guard"
"Layer 2 Type System","F-014","High","type_contracts_and_substitution","docs/audit/findings/audit_recon_pass1_typesystem_2026-05-08.md","281","","[High] [Adversarial] Where-clause references a type variable not in the fn type-parameter list","audit_reported","claimed_closed_with_proof","proven_closed","","powershell -NoProfile -ExecutionPolicy Bypass -File tools\validate_typesystem_audit_slice.ps1 -Finding F-014; powershell -NoProfile -ExecutionPolicy Bypass -File tools\validate_typesystem_audit_slice.ps1; bash tools/check_compiler_drift.sh","PASS rc=0; expanded validator passes this finding plus F-001..F-016/F-018/F-019/F-020/F-021 and positive generic/trait fixtures; bootstrap fixed-point md5=80c360bf3bf070eb52191bca869edb80; drift rc=0 after regenerating audit_dup_fns_report.csv","cold self-compile --no-cache elapsed=4.027s; emitted IR md5=80c360bf3bf070eb52191bca869edb80; under 4.25s cap","closed by expanded type-system validator, promoted self-host bootstrap, fixed-point proof, and drift guard"
"Layer 2 Type System","F-015","High","type_contracts_and_substitution","docs/audit/findings/audit_recon_pass1_typesystem_2026-05-08.md","295","","[High] [Adversarial] Duplicate type-parameter names `<T, T>` silently accepted","audit_reported","claimed_closed_with_proof","proven_closed","","powershell -NoProfile -ExecutionPolicy Bypass -File tools\validate_typesystem_audit_slice.ps1 -Finding F-015; powershell -NoProfile -ExecutionPolicy Bypass -File tools\validate_typesystem_audit_slice.ps1; bash tools/check_compiler_drift.sh","PASS rc=0; expanded validator passes this finding plus F-001..F-016/F-018/F-019/F-020/F-021 and positive generic/trait fixtures; bootstrap fixed-point md5=80c360bf3bf070eb52191bca869edb80; drift rc=0 after regenerating audit_dup_fns_report.csv","cold self-compile --no-cache elapsed=4.027s; emitted IR md5=80c360bf3bf070eb52191bca869edb80; under 4.25s cap","closed by expanded type-system validator, promoted self-host bootstrap, fixed-point proof, and drift guard"
"Layer 2 Type System","F-016","High","type_contracts_and_substitution","docs/audit/findings/audit_recon_pass1_typesystem_2026-05-08.md","307","","[High] [Adversarial] Generic param name shadowing a primitive (`<i64>`) silently accepted","audit_reported","claimed_closed_with_proof","proven_closed","","powershell -NoProfile -ExecutionPolicy Bypass -File tools\validate_typesystem_audit_slice.ps1 -Finding F-016; powershell -NoProfile -ExecutionPolicy Bypass -File tools\validate_typesystem_audit_slice.ps1; bash tools/check_compiler_drift.sh","PASS rc=0; expanded validator passes this finding plus F-001..F-016/F-018/F-019/F-020/F-021 and positive generic/trait fixtures; bootstrap fixed-point md5=80c360bf3bf070eb52191bca869edb80; drift rc=0 after regenerating audit_dup_fns_report.csv","cold self-compile --no-cache elapsed=4.027s; emitted IR md5=80c360bf3bf070eb52191bca869edb80; under 4.25s cap","closed by expanded type-system validator, promoted self-host bootstrap, fixed-point proof, and drift guard"
"Layer 2 Type System","F-018","High","type_contracts_and_substitution","docs/audit/findings/audit_recon_pass1_typesystem_2026-05-08.md","332","","[High] [Inference] Ambiguous inference accepted: `let v = make()` where `make` returns `Vec<T>` with no constraint","audit_reported","claimed_closed_with_proof","proven_closed","","powershell -NoProfile -ExecutionPolicy Bypass -File tools\validate_typesystem_audit_slice.ps1 -Finding F-018; powershell -NoProfile -ExecutionPolicy Bypass -File tools\validate_typesystem_audit_slice.ps1; bash tools/check_compiler_drift.sh","PASS rc=0; expanded validator passes this finding plus F-001..F-016/F-018/F-019/F-020/F-021 and positive generic/trait fixtures; bootstrap fixed-point md5=80c360bf3bf070eb52191bca869edb80; drift rc=0 after regenerating audit_dup_fns_report.csv","cold self-compile --no-cache elapsed=4.027s; emitted IR md5=80c360bf3bf070eb52191bca869edb80; under 4.25s cap","closed by expanded type-system validator, promoted self-host bootstrap, fixed-point proof, and drift guard"
"Layer 2 Type System","F-019","Critical","type_contracts_and_substitution","docs/audit/findings/audit_recon_pass1_typesystem_2026-05-08.md","349","","[Critical] [Adversarial] Compiler PANICs (stack-trace-style abort) on duplicate impl + ambiguous trait method instead of clean diagnostic","audit_reported","claimed_closed_with_proof","proven_closed","","powershell -NoProfile -ExecutionPolicy Bypass -File tools\validate_typesystem_audit_slice.ps1 -Finding F-019; powershell -NoProfile -ExecutionPolicy Bypass -File tools\validate_typesystem_audit_slice.ps1; bash tools/check_compiler_drift.sh","PASS rc=0; expanded validator passes this finding plus F-001..F-016/F-018/F-019/F-020/F-021 and positive generic/trait fixtures; bootstrap fixed-point md5=80c360bf3bf070eb52191bca869edb80; drift rc=0 after regenerating audit_dup_fns_report.csv","cold self-compile --no-cache elapsed=4.027s; emitted IR md5=80c360bf3bf070eb52191bca869edb80; under 4.25s cap","closed by expanded type-system validator, promoted self-host bootstrap, fixed-point proof, and drift guard"
"Layer 2 Type System","F-020","High","type_contracts_and_substitution","docs/audit/findings/audit_recon_pass1_typesystem_2026-05-08.md","369","","[High] [Diagnostic] Compiler PANICs on `let EnumPath::Variant(a, b) = expr;` (let-pattern destructure) instead of ""unsupported syntax"" diagnostic","audit_reported","claimed_closed_with_proof","proven_closed","","powershell -NoProfile -ExecutionPolicy Bypass -File tools\validate_typesystem_audit_slice.ps1 -Finding F-020; powershell -NoProfile -ExecutionPolicy Bypass -File tools\validate_typesystem_audit_slice.ps1; bash tools/check_compiler_drift.sh","PASS rc=0; expanded validator passes this finding plus F-001..F-016/F-018/F-019/F-020/F-021 and positive generic/trait fixtures; bootstrap fixed-point md5=80c360bf3bf070eb52191bca869edb80; drift rc=0 after regenerating audit_dup_fns_report.csv","cold self-compile --no-cache elapsed=4.027s; emitted IR md5=80c360bf3bf070eb52191bca869edb80; under 4.25s cap","closed by expanded type-system validator, promoted self-host bootstrap, fixed-point proof, and drift guard"
"Layer 2 Type System","F-021","High","type_contracts_and_substitution","docs/audit/findings/audit_recon_pass1_typesystem_2026-05-08.md","390","","[High] [Diagnostic] Method-call diagnostic on a struct misreports receiver type as `Vec<T>` and lists Vec methods","audit_reported","claimed_closed_with_proof","proven_closed","","powershell -NoProfile -ExecutionPolicy Bypass -File tools\validate_typesystem_audit_slice.ps1 -Finding F-021; powershell -NoProfile -ExecutionPolicy Bypass -File tools\validate_typesystem_audit_slice.ps1; bash tools/check_compiler_drift.sh","PASS rc=0; expanded validator passes this finding plus F-001..F-016/F-018/F-019/F-020/F-021 and positive generic/trait fixtures; bootstrap fixed-point md5=80c360bf3bf070eb52191bca869edb80; drift rc=0 after regenerating audit_dup_fns_report.csv","cold self-compile --no-cache elapsed=4.027s; emitted IR md5=80c360bf3bf070eb52191bca869edb80; under 4.25s cap","closed by expanded type-system validator, promoted self-host bootstrap, fixed-point proof, and drift guard"
"Layer 4 Memory Safety/Effects","G11-B-1","Critical","ownership_borrow_init_flow","docs/audit/findings/audit_recon_pass1_memsafe_2026-05-08.md","405","audit_scratch_memsafe/G11/boundary_2_one_arm_init.nr","one-arm assignment without else must not make binding definitely assigned","audit_reported","claimed_closed_needs_proof","proven_closed","","bin\nucleor.exe build tests\err\err_init_g11_partial_branch.nr --no-cache","PASS rc=1 with INIT-G11-READ-BEFORE-INIT","promoted 1.1.0 no-link 4.088s; v1.0.0 binary same source no-link 3.203s; ownership phase 2078ms; release perf debt remains open","Ledger parser missed this G11 heading; row added during execution. Closure uses if/else init-state intersection without restore-preservation scan."
"Layer 4 Memory Safety/Effects","G11-B-2","Critical","ownership_borrow_init_flow","docs/audit/findings/audit_recon_pass1_memsafe_2026-05-08.md","422","audit_scratch_memsafe/G11/adversarial_1_loop_assign.nr","loop-body assignment may execute zero times and must not make binding definitely assigned","audit_reported","claimed_closed_needs_proof","proven_closed","","bin\nucleor.exe build tests\err\err_g11_loop_partial_init.nr --no-cache","PASS rc=1 with INIT-G11-READ-BEFORE-INIT","promoted 1.1.0 no-link 4.088s; v1.0.0 binary same source no-link 3.203s; ownership phase 2078ms; release perf debt remains open","Ledger parser missed this G11 heading; row added during execution. Loop DA merge treats pre-loop state as an incoming path."
"Layer 4 Memory Safety/Effects","G11-MATCH-1","High","ownership_borrow_init_flow","docs/audit/findings/audit_recon_pass1_memsafe_2026-05-08.md","403","tests/err/err_g11_match_partial_init.nr","match assignment in only some arms must not make binding definitely assigned","audit_reported","new_edge_from_audit_review","proven_closed","","bin\nucleor.exe build tests\err\err_g11_match_partial_init.nr --no-cache","PASS rc=1 with INIT-G11-READ-BEFORE-INIT","promoted 1.1.0 no-link 4.088s; v1.0.0 binary same source no-link 3.203s; ownership phase 2078ms; release perf debt remains open","Added as adjacent G11 CFG coverage while closing G11-B rows."
