NR001	Source Input Failure	Nucleor could not read the requested source file.	The compiler could not open or read the input file. This is usually a path, permission, or working-directory problem rather than a language error.	Verify the file path passed to the command.Check file permissions and current working directory.If using a package, confirm [build].entry points to an existing file.
NR005	Module Resolution Failure	A use target or package import could not be resolved safely.	The import graph could not be resolved because a target was missing, escaped its package boundary, created a cycle, or conflicted with another exported symbol.	Check the imported path or package alias.Ensure the import stays inside the package root.Look for duplicate exported names or cyclic imports.
NR010	Lexical Syntax Failure	The lexer found an invalid character or token shape.	The source text cannot be tokenized into valid Nucleor tokens. This usually means a malformed literal, a non-ASCII identifier, or an unexpected character.	Check the reported source offset for the invalid character.Verify string and numeric literal syntax.Keep identifiers ASCII-only.
NR020	Parser Failure	The token stream does not form valid Nucleor syntax.	The parser reached a token sequence that does not match the grammar. This is usually a missing delimiter, malformed declaration, or invalid expression shape.	Check the line and column around the reported span.Look for missing braces, commas, semicolons, or parentheses.Verify declaration headers and function signatures.
PARSE-LET-SEMI	Missing semicolon after let statement	A `let` statement initializer was not terminated by `;`, so the next token would otherwise be parsed as a separate expression statement.	Nucleor requires `let name: Type = expr;` or `let name = expr;`. Pre-v1.1 builds could accept input such as `let x: i64 = 1 2 3;` and silently drop the trailing tokens as no-op expression statements. The parser now rejects the statement before lowering or codegen.	Add `;` immediately after the let initializer.If another value follows the initializer, connect it with an explicit operator or split it into a separate statement.Re-run the build and check the first token named after the reported byte offset.
NR030	Semantic Type Failure	The program parsed, but semantic typing rules were violated.	The checker rejected the program because types, names, effects, or ownership rules did not line up. More specific semantic failures use narrower codes when possible.	Read the concrete message for the exact mismatch.Check variable names, function signatures, and return types.Use nuc explain on any more specific code shown with the diagnostic.
NR031	Borrow Safety Failure (legacy — superseded by RFC-0062 G-series at v1.0)	Ownership or borrowing rules were violated. (Legacy code — at v1.0 the modern compiler emits the specific RFC-0062 G-series codes instead: OWN-G4-USE-AFTER-DROP, OWN-G8-COND-MOVE, BORROW-G2-LIFETIME, ALIAS-G3-VEC-OF-REFS, ALIAS-G3-HASHMAP-REHASH, INIT-G11-READ-BEFORE-INIT, SEND-G6-* — see `nuc explain <CODE>` for any of those.)	The checker found an illegal aliasing, move, or borrow pattern. Typical causes are moving a borrowed value, mixing shared and mutable borrows, or using a value after move.	Check whether the value was moved earlier in the scope.Avoid overlapping shared and mutable borrows.Introduce a narrower scope so the borrow ends before the next use.
NR032	Effect or Policy Failure	A denied effect, purity rule, or policy restriction was violated.	The program attempted an operation that the current effect context, purity contract, or active policy block does not allow.	Check the function effect list and current restricts or policy context.Add the required effect only if the operation is intentionally impure.If the operation must stay pure, refactor the side effect out of the function.
NR033	Taint Safety Failure	Tainted data reached a location that requires trusted input.	The taint system prevented untrusted data from flowing into a sink that expects sanitized or trusted values.	Identify the tainted source in the data flow.Sanitize or validate the value before the sink.Keep tainted and trusted values separated until validation is complete.
NR034	Send/Sync Safety Failure	A spawned or shared context captured a type that is not safe to transfer or share.	The checker found a cross-thread or cross-scope capture that violates Nucleor's Send/Share rules. This usually means a resource, mutable reference, or other non-Send value crossed a spawn boundary.	Move only owned Send values into spawn blocks.Avoid capturing mutable references across thread boundaries.Wrap shared state in a synchronization primitive only when the underlying payload is allowed.
NR035	Explicit enum discriminants not yet supported	Explicit enum discriminants `enum X { A = N }` are not yet supported in v0.6 — the parser halts at the `=` token.	v0.6.35 — closes probe finding 2026-05-01-enum-discriminant-segfaults-compiler. Workaround: drop the `= N` and rely on order-based discriminants (`enum Code { OK, WARN, ERR }` lowers to 0, 1, 2). For FFI / wire-protocol values needing specific numbers, build a separate `const` table. Real explicit-discriminant lowering is forward-roadmap (needs the enum AST to carry per-variant i64 values + IR-emit propagation to match-arm dispatch).	
NR036	Self-recursive struct without Box / & indirection (Rust E0072)	A struct that contains itself directly (`struct Node { next: Node }`) has infinite size — Rust E0072. Wrap the recursive field in `Box<Node>` (heap indirection), `Option<Box<Node>>` (linked-list / tree shape with terminator), or `&Node` (reference) so the field is a fixed size.	v0.6.36 — closes probe finding 2026-05-01-self-recursive-struct-infinite-size-accepted. Pre-fix `struct Node { val: i64, next: Node }` was accepted at parse + type-check and crashed at instantiation with STATUS_STACK_OVERFLOW (Windows exception 0xC00000FD) — the struct contains itself directly so the size is infinite. v0.6.36 catches it at parse-time. Wrap the recursive field in `Box<Node>` / `Option<Box<Node>>` / `&Node` so the field is a fixed size. Real recursive-struct lowering through Box is already supported; only the bare-recursion case needs the halt.	
NR040	IR Lowering Failure	The typed AST could not be lowered into compiler IR.	Lowering hit an internal semantic boundary the IR pipeline could not represent. This is usually a compiler implementation gap rather than a front-end syntax issue.	Look at the full message for the unsupported construct.Reduce the program to the smallest failing example.Treat repeated NR040 failures as compiler bugs to fix in lowering.
NR050	Backend Code Generation Failure	IR generation succeeded, but a backend could not emit valid target code.	LLVM rejected the IR, hit an unsupported ABI path, or failed during object emission or linking preparation. (R10-D6 v0.8.278: removed 'Cranelift or' — Nucleor ships only the LLVM backend; no Cranelift backend exists. Phase 2 may add Cranelift as a tier-0 fast-path; until then docs and diagnostics must not imply a backend that's not there.)	Re-run with the other backend to isolate whether the failure is backend-specific.Check the reported symbol or ABI path in the message.Treat verifier or emission failures as backend correctness bugs.
NR051	WASM Backend Unavailable	WASM output was requested without the required backend support.	The current CLI build does not include the backend support required for wasm code generation, or the wasm linker/toolchain is unavailable.	Rebuild the CLI with backend support required for wasm enabled.Install or point NUCLEOR_WASM_LD at a working wasm-ld.Confirm the LLVM toolchain is visible in PATH.
NR070	Manifest or Lockfile Failure	Project metadata, dependency graph, or lockfile state is invalid.	Nucleor could not resolve the project package graph because the manifest was malformed, a dependency could not be found, or the lockfile was missing or stale.	Validate Nucleor.toml syntax and dependency paths.Run nuc lock after manifest changes.Check workspace member and dependency graph cycles.
NR090	Compiler Pipeline Invariant Failure	An internal compiler stage received invalid state from a previous pass.	A compiler pipeline stage ran out of order or consumed data that was not produced by the earlier stage it depends on. This is an internal compiler bug, not a user program error.	Reduce the failing program to a small reproducer.Treat repeated NR090 failures as compiler bugs.Inspect the named pipeline stage and previous stage outputs.
RT-001	Allocation in #[no_alloc] function	A #[no_alloc] function called something that allocates from the global heap.	RFC-0001 #[no_alloc] forbids any expression whose effect set includes alloc. Common offenders: Box::new, Vec::push past capacity, String operations, HashMap::insert. Use a pre-sized container, an arena/pool/tlsf allocator (RFC-0002), or refactor the allocation outside the RT path.	
RT-002	Possibly-panicking expression in #[no_panic] function	A #[no_panic] function contains an expression the compiler cannot prove is panic-free.	RFC-0001 #[no_panic] uses a conservative dataflow analysis. Sources of panic include integer overflow on +/-/*, division by zero, out-of-bounds indexing, unwrap() on Option/Result, and explicit panic!(). Use checked_*/wrapping_*/saturating_* arithmetic, guard divisions, use get() instead of [], and prove safety with assume! (RFC-0004).	
RT-003	Dynamic dispatch in #[no_dyn] function	A #[no_dyn] function uses dynamic (vtable) dispatch via dyn Trait.	RFC-0001 #[no_dyn] forbids dynamic dispatch via Box<dyn Trait> or &dyn Trait. Replace with generics (fn f<T: Trait>(x: T)) for static dispatch, or with an enum-based polymorphism pattern.	
RT-004	Heuristic deadline estimate exceeds declared #[deadline] (NOT certified WCET)	A HEURISTIC compile-time estimator (statement-counter + coarse loop multiplier) flags this function as likely to exceed its declared #[deadline]. RT-004 is NOT certified WCET — it does not model callee cost, ISA, cache, or branch prediction. Use #[allow(RT-004)] / #[allow_fn(RT-004)] when the estimate is wrong; treat the runtime deadline check as the actual contract. Certified WCET is future work (RFC-0001 §Heuristic vs certified WCET).	RFC-0009 static WCET analysis estimates the function's worst-case time exceeds the deadline. Inspect the dominant cost in the report; reduce loop bounds, simplify hot paths, or relax the deadline if appropriate.	
RT-005	FFI call in RT function without #[ffi_no_*] annotation	An RT-tagged function called an extern fn lacking #[ffi_no_alloc] or #[ffi_no_panic].	Calls into C/C++ via extern fn are opaque to the analysis. Mark trusted extern declarations with #[ffi_no_alloc] and/or #[ffi_no_panic] (v0.3.24, RFC-0001 §3.5) -- two separate attributes, not one comma-list. #[deadline] callers need BOTH markers (intersection rule). To skip per-symbol annotation: #[allow(RT-005)] (file-wide).	
RT-006	RT attribute on async fn	RT attributes (#[no_alloc], #[deadline] etc.) cannot be applied to async fn — async semantics break the deadline guarantee.	async fn introduces poll-based scheduling and arbitrary suspend points. RT attributes promise bounded time and no allocation; the two are fundamentally incompatible. Refactor the function as sync, or use rod/tokio (RFC-0030) outside the RT path.	
ASYNC-001	`async` keyword on fn is silently stripped (v0.5 has no Future/.await; use async_spawn + async_await for threading)	Pre-v0.5.19 `async fn foo() { ... }` was silently stripped to `fn foo()` and ran sync immediately. Adopters writing the canonical Rust async pattern got immediate execution with no signal. Nucleor v0.5 has no Future / .await polling; threading is via `async_spawn(fn_ptr, arg)` + `async_await(handle)` (RFC-0027 phase 1). Either drop the `async` keyword for sync fns, or call `async_spawn` to actually thread.	Workaround: drop the `async` keyword if you want sync execution (the keyword was a no-op pre-v0.5.19, now triggers this warning). For real threading, use `async_spawn(fn_ptr, arg)` to spawn the fn on an OS thread → returns an opaque task handle. Then `async_await(handle)` joins the thread and returns the captured i64 result. See stdlib/rods/async.nr and the RFC-0027 phase 1 commitment to threads-only (no green-thread scheduler, no future polling).	
RT-007	Deadline annotation without no_alloc or no_panic	A #[deadline] annotation alone is incomplete — it is hard to reason about deadline without #[no_alloc] or #[no_panic].	Add #[no_alloc] or #[no_panic] (or both) to the fn -- that makes the deadline reasoning sound. To intentionally suppress: #[allow(RT-007)] (file-wide) or #[allow_fn(RT-007)] (per-fn, v0.3.20). The warning surfaces a likely-incomplete annotation.	
RT-008	Recursive call in #[deadline] function without #[max_depth]	A #[deadline] function uses recursion. Bound it with #[max_depth = N] (RFC-0014).	Deadline analysis cannot bound an unbounded recursion. Annotate the function with #[max_depth = N] per RFC-0014 to give the analyzer a depth bound.	
RT-009	Implicit panic-capable expression in #[no_panic] function	A #[no_panic] function contains an integer `/` or `%` operator. Integer divide/modulo panic when the divisor is zero. Phase 1 (v0.8.295) flags this as a warning because the estimator does not yet prove non-zero divisors at the IR level. Suppress with `#[allow_fn(RT-009)]` when the divisor is provably non-zero, or replace with `checked_div` / `checked_rem` for explicit Result-typed handling. Phase 2 (R03-D2) adds IR-level non-zero proof.	Rust's `#[no_panic]` (via the `no_panic` crate) checks at link time. Nucleor checks at build time. The integer-divide-by-zero case is a known gap in Rust's checker too — RT-009 surfaces it explicitly so adopters can decide.	
DIAG-001	Unknown diagnostic code in #[allow]/#[deny] attribute	An #[allow(_fn)(CODE)] or #[deny(_fn)(CODE)] attribute references a CODE that is not in the canonical enumerated diagnostic code set. The suppression or promotion has no effect at compile time -- the diagnostic the author meant to control still fires unsuppressed. Catches both unknown-prefix codes (e.g. WAT-001) and within-series typos (e.g. RT-099 vs RT-009).	v0.3.38 enumerated check: the s1 compiler validates the full CODE substring against the canonical diagnostic code set (mirrored in cli_explain_full_smoke). When minting a new code, add to BOTH the s1 compiler's is_known_diag_code fn AND the cli_explain_full_smoke codes array. To suppress DIAG-001 itself during a noisy refactor: #[allow(DIAG-001)].	
ALLOC-001	Allocated value escapes its allocator	A value allocated in an arena/pool/tlsf cannot outlive its allocator. The borrow checker rejects returning the value when the allocator goes out of scope.	Per RFC-0002, Box<T, A: Allocator> is bound by the lifetime of A. Returning a Box<T, Arena> from a fn whose Arena is local is rejected. Either pass &Arena into the fn (caller owns the arena), or copy the value into a Box<T, Global> before returning.	
ALLOC-002	Allocator type mismatch	Two values from different allocator types cannot be combined where one is required.	Allocator type is part of the value type. fn f(x: Box<T, Arena>) cannot accept a Box<T, Pool>. Use generics (fn f<A: Allocator>(x: Box<T, A>)) for allocator-agnostic APIs.	
ALLOC-003	Allocation forbidden by #[no_alloc]	An allocation site reaches a #[no_alloc(...)] context that forbids that allocator.	RFC-0001 #[no_alloc(...)] accepts an explicit allow-list of allowed allocators. The default #[no_alloc] forbids all four (global/arena/pool/tlsf); narrow with #[no_alloc(global)] etc.	
FRAME-001	Cannot add values in different coordinate frames	Spatial values in different coordinate frames cannot be combined directly. Transform via tf.lookup or apply an explicit Transform.	RFC-0003 typed frames make Pose<World> != Pose<BaseLink> at the type level. To combine, look up the transform: tf.lookup::<World, BaseLink>(time).apply(pose_world).	
FRAME-002	Transform composition mismatch	Transform<A, B> * Transform<C, D> requires B == C. The compiler rejected the composition.	Transform composition Transform<A,B> * Transform<C,D> requires B == C. The compiler enforces the chain at compile time. Reorder, invert one transform, or look up an intermediate.	
FRAME-003	Cannot apply transform to value in incompatible frame	Transform<A, B>.apply(Pose<C>) requires C == A. The compiler rejected the application.	Applying a Transform<From, To> requires the target value to be in the From frame. Convert via lookup of the appropriate transform.	
OWN-001	Use of moved variable	A value was moved into another binding or call; using the original now would alias freed/owned memory. Clone before the move, or restructure to avoid the second use.	Borrow-checker classic: a value was moved (consumed) into a struct, fn argument, or another binding. Subsequent reads of the original would alias freed memory. Fix: clone the value before the move (if `T: Clone` is satisfied), restructure to take a reference, or sequence the code so the original isn't read after the move. The compiler shows the move site and the use site.	
OWN-002	Cannot borrow moved value	Cannot create a new borrow of a value that has been moved. The borrow target no longer exists at the source's binding.	OWN-002 fires when you try to *borrow* a value that was previously moved. The borrow target no longer exists at the source binding (the value has moved elsewhere). Same fix as OWN-001 — clone or restructure.	
OWN-003	Cannot move value that is borrowed	A move would invalidate an outstanding borrow. Wait for the borrow to end (typically by ending the borrowed-reference's scope) before moving.	Move-while-borrowed: an outstanding `&T` or `&mut T` would dangle if the source moves. The compiler tracks active borrows and rejects moves that would invalidate them. Sequence so the borrow ends before the move (typically by ending the borrow's lexical scope).	
OWN-004	Cannot mutably borrow value already borrowed	Two simultaneous mutable borrows would alias. Sequence the borrows or use interior mutability via Atomic<T> for cross-thread sharing.	Two simultaneous `&mut T` of the same value would alias mutable memory — Nucleor (like Rust) forbids this at compile time. Sequence the borrows so they don't overlap, or use Atomic<T> / per-thread split for genuine cross-thread sharing.	
OWN-005	Cannot shared-borrow mutably-borrowed value	A shared (immutable) borrow cannot coexist with a live mutable borrow — would risk reading partially-mutated state. End the mutable borrow first.	Cannot create `&T` while `&mut T` of the same value is live — the shared reader could observe the mutator mid-update. Drop the mutable borrow first, then take the shared one.	
OWN-006	Cannot assign through shared reference	Shared references (`&T`) are read-only by construction. Use `&mut T` if you need to assign through the reference.	`&T` is read-only by definition. Trying to assign through it is a category error. Either change the binding to `&mut T` (which requires the source to be `let mut`), or use Cell/RefCell for interior mutability (with the runtime borrow-tracking cost).	
OWN-007	Cannot assign to borrowed location	Mutating a location that is currently borrowed (directly or via a struct-field reachable through the borrow) would invalidate the borrow. End the borrow first.	Assigning to a location that is currently borrowed (or whose enclosing struct is borrowed) would invalidate the borrow — the borrowed value would disappear or change underneath the borrow holder. Drop the borrow first.	
OWN-008	Cannot assign to immutable binding	The binding was declared `let x` (immutable). Use `let mut x` to allow assignment after the initial bind.	`let x` declares an immutable binding; subsequent `x = ...` is rejected. Use `let mut x` to make the binding mutable. (Note: `let mut x = 5; let x = x + 1;` is also valid — the second `let` shadows the first as a new binding.)	
OWN-009	Cannot return reference to local value	The function would return a reference to a stack-local value; the value's storage is freed at function exit so the reference would dangle. Return by value or take/return a reference with a longer-lived source.	Returning `&local` from a function returns a reference to stack memory that's freed at function exit. Either return the value by-move (which transfers ownership), allocate on the heap and return Box<T>, or take a `&mut Out` parameter and write into it.	
OWN-010	Cannot bind a reference that escapes an inner block	A reference's source value lives in a nested scope that ends before the binding's scope; the reference would dangle. Move the source out to the enclosing scope, or hold the source by value at the outer scope.	Inner-block lifetime escape: `let r = { let x = 5; &x };` would leave `r` pointing at freed `x`. The compiler tracks scope-exit destruction and rejects bindings that would outlive their referent. Move the source value out to the outer scope, or hold by value rather than reference.	
OWN-011	Cannot mutably borrow immutable value	`&mut T` requires the source to be declared `let mut x`. Make the binding mutable, or restructure to take a shared `&T` instead.	`&mut T` requires the source to be declared `let mut`. Add `mut` to the binding, or use `&T` if you don't actually need to write through the reference.	
OWN-012	Cannot destroy arena with live references	An arena cannot be destroyed while references into it are still live — would dangle every outstanding pointer. End all borrows from the arena before destroy.	Arenas free all their backing storage on destroy. If any reference into the arena is still live, the destroy would dangle every outstanding pointer. End all borrows from the arena (typically by exiting the scope where they live) before destroy.	
OWN-013	Spawn block captures non-Send DeviceBuffer value	GPU `DeviceBuffer` handles are pinned to the thread that allocated them, so they are not `Send`. A `spawn { ... }` block runs on a fresh thread and cannot capture them. Move the launch into the owning thread, or pass a host-side handle that the worker can re-acquire its own DeviceBuffer from.	Spawn-capture pass detected a `spawn { ... }` block capturing a `DeviceBuffer` value. GPU memory handles are pinned to the thread that allocated them via the CUDA / Vulkan context binding — the worker thread that spawn dispatches to has no context attached, so the capture would be undefined behavior at runtime. Either keep the launch on the owning thread (process the buffer there before spawning the consumer), or pass a host-side handle (CPU-side index / descriptor) that the worker re-acquires its own DeviceBuffer from with its own context.	
RACE-001	Non-Sendable value crosses a spawned boundary	RFC-0035 requires values moved into spawned work to be Sendable. Primitive values, Sendable containers, and types with an explicit `impl Sendable for T` pass this first check.	Add an explicit `impl Sendable for T {}` when the type is safe to move across tasks, or keep the value on the originating thread.	
RACE-002	Actor method called without await	Actor calls can suspend on the actor executor. Calling them without await would bypass the serialization contract.	Await actor method calls so the actor executor serializes access.	
RACE-003	Actor internal state escapes isolation	Actor fields are isolated mutable state. Direct field access from outside the actor bypasses the actor executor and is rejected.	Expose actor state through an actor method instead of reading or assigning fields directly.	
RACE-004	Shared mutable state without Mutex or actor	Shared mutable state needs an actor or synchronization primitive so two tasks cannot mutate it concurrently.	Wrap shared mutable payloads in an actor or an audited synchronization primitive.	
RACE-005	&mut value crosses a thread boundary	A mutable reference crossing a thread boundary can outlive the source stack frame or race the original owner. Move owned data or use synchronization.	Do not pass `&mut T` to spawn/thread APIs; move an owned Sendable value or pass a synchronized handle.	
RACE-006	Reentrant actor lock violation	The same actor lock cannot be re-entered while already held; doing so can deadlock or violate serialized state access.	Refactor the actor method to avoid re-entering the same actor while its lock is held.	
RACE-007	Deadline composition under actor await is invalid	Deadline checking and actor await composition require a scheduler-aware bound. The first pass rejects the combination.	Move the actor await out of the deadline region or use scheduler-aware actor latency tooling when it lands.	
RACE-008	#[not_sendable] type used where Sendable is required	`#[not_sendable]` is an explicit opt-out from structural Sendable inference. The compiler honors it even when fields look safe.	Remove `#[not_sendable]` only if the type is genuinely thread-safe; otherwise keep it out of spawned work.	
RACE-009	Reserved Sendable/actor diagnostic	Reserved for a future RFC-0035 Sendable/actor diagnostic.	Reserved diagnostic; no user action.	
RACE-010	Reserved Sendable/actor diagnostic	Reserved for a future RFC-0035 Sendable/actor diagnostic.	Reserved diagnostic; no user action.	
GOV-001	policy(require_authored) requires authored annotations	The source declares `@policy(require_authored)` at the module level but at least one function lacks an `@authored(\"name\")` annotation. Add `@authored(\"...\")` to every fn, or remove the policy.	The `@policy(require_authored)` module-level attribute requires every fn in the source to carry an `@authored(\"name\")` annotation (the governance audit trail). The audit pass found at least one un-annotated fn. Add `@authored(\"...\")` above each fn, or remove the policy if it doesn't apply to this module.	
GOV-002	policy(no_unsafe) forbids unsafe blocks	The source declares `@policy(no_unsafe)` at the module level but contains an `unsafe { ... }` block. Either remove the unsafe block (preferred) or remove the no_unsafe policy.	The `@policy(no_unsafe)` module-level attribute forbids `unsafe { ... }` blocks anywhere in the source. The audit pass found at least one. Either remove the unsafe block (preferred — usually means switching to a safe API) or remove the no_unsafe policy if the module legitimately needs unsafe operations.	
TNT-001	Tainted data passed to sensitive sink	Tainted data flowing into a function annotated as a sensitive sink. Wrap the value in `sanitize(value)` to strip the taint marker before the call.	Strict-mode taint pass detected tainted data flowing into a function annotated as a sensitive sink. The suggestion is to wrap the value in `sanitize(value)` (which strips the taint marker) before the call. Fires from the tools-suite strict checker, not the s1 main type-check pass.	
TYP-001	Non-exhaustive match (LEGACY — unified under MATCH-001 in v0.5.18; no longer emitted)	Legacy non-exhaustive-match warning. Unified under the canonical MATCH-001 (RFC-0016) in v0.5.18 — TYP-001 is no longer emitted by the main compiler (was always paired with MATCH-001 with identical text; the dual-emit was a noisy adopter UX hazard). The explain entry stays so existing adopter docs / scripts that reference TYP-001 still resolve.	**Legacy** non-exhaustive-match warning. Unified under the canonical MATCH-001 (RFC-0016) in v0.5.18. The main compiler no longer emits TYP-001; only MATCH-001 fires (with identical text). The explain entry stays so existing docs that reference TYP-001 still resolve to a meaningful description.	
TYP-002	Boolean values cannot be used in arithmetic	Booleans are not numeric in Nucleor; `true + false` etc. are rejected. Use `if cond { 1 } else { 0 }` if you need to convert.	Booleans aren't numeric — `true + false`, `bool * bool`, etc. are rejected. The arithmetic operator type-check (in check_expr's binop branch) fires TYP-002 when either operand resolves to bool.	
TYP-003	Unit operands for addition/subtraction must match	RFC-0005 — adding two unit values requires identical dimensions (both must be `unit<T,m>` or both `unit<T,s>`, etc.). Convert one to the other or use multiplication.	RFC-0005 — adding `unit<T,m>` and `unit<T,s>` is dimensionally invalid (length-plus-time has no physical meaning). Convert one to the other via the appropriate physical relationship, or use multiplication (`unit<T,m> * unit<T,1/s>` produces `unit<T,m/s>`).	
TYP-004	Cannot dereference a non-reference value	The `*` (deref) operator only applies to `&T` / `&mut T` / `Box<T>`. Applying it to a value type (`i64`, struct field by value, etc.) is rejected.	The `*` (deref) operator is defined only on `&T`, `&mut T`, and `Box<T>`. Applying it to a value type, struct field by value, or i64/f64 is a category error — those are already values, not references to values.	
TYP-005	Wrong number of arguments	The call site supplies a different number of arguments than the function declared. Check the function signature.	Argument arity mismatch. The function declares N parameters; the call site passed M ≠ N. Check the function signature and the call site. Variadic dispatch isn't supported in v0.2.	
TYP-006	Argument type mismatch in call	Argument N has a type incompatible with parameter N's declared type. Includes taint-marker type mismatches (passing tainted T to a clean T parameter).	Argument N has type incompatible with parameter N's declared type. Includes the taint-marker case: passing `T tainted` to a parameter declared as plain `T` (or vice-versa) fires TYP-006 rather than a separate TAINT-* code.	
TYP-007	Bare numeric literal cannot initialize a unit value	RFC-0005 unit values must be initialized via the unit constructor (e.g. `meters(5.0)`) — a bare `5.0` doesn't carry the dimension tag and would silently mix units.	RFC-0005 unit values must be initialized via the unit constructor (e.g. `meters(5.0)`, not `5.0` alone). A bare numeric literal doesn't carry the dimension tag and would silently mix units when assigned to a `unit<...>` binding.	
TYP-008	Type mismatch for binding	`let x: T = expr` requires `expr` to type-check as `T`. Mismatched types produce TYP-008 with the expected and actual types.	`let x: T = expr` requires `expr` to type-check as `T` (or coerce per the type lattice in RFC-0015 §3). Includes taint-marker mismatches between the declared type and the expression's type.	
TYP-009	Assignment type mismatch	`x = expr` requires `expr` to match `x`'s declared type after the initial bind. Re-binding to a different type isn't allowed without a fresh `let` shadowing.	After the initial bind, `x = expr` requires `expr` to match `x`'s declared type. Re-binding to a different type isn't allowed without a fresh `let` shadowing (which creates a new binding rather than re-typing the existing one).	
TYP-010	Return type mismatch	`return expr` requires `expr` to type-check as the function's declared return type. The body type and the signature type must agree.	`return expr` (or implicit tail-expression return) requires `expr` to type-check as the function's declared `-> T`. Body type and signature type must agree.	
TYP-011	`str + str` not supported (would silently segfault)	`str + str` (and longer chains like `\"a\" + \"b\" + \"c\"`) silently SIGSEGVed pre-v0.4.51 because the binop lowered to i64_add on the string pointers, producing a garbage pointer that crashed in print_str. Use `str_concat(a, b)` to concatenate strings.	Nucleor's i64-everywhere ABI lowers `+` to integer addition. For `str + str` that meant adding two string pointers as i64, producing a garbage pointer that SIGSEGVed when later passed to a string helper (e.g. `print_str`). Pre-v0.4.51 this was silent at compile time. v0.4.51 promotes the pattern to a hard error pointing at `str_concat(a, b)`. Reasoning: the canonical Rust idiom `&str + &str` doesn't compile in Rust either, so adopters expected a compile error and got runtime garbage instead.	
TYP-012	Missing field(s) in struct initialization (would silently default to 0/empty)	Pre-v0.4.62 `Point { x: 1, y: 2 }` for a struct with 3 fields silently defaulted the missing field to 0 / empty. Adopters writing the canonical Rust idiom (which errors with E0063) got a quiet wrong value. Either list every field explicitly or define a `Point::new(x, y)` constructor fn that supplies the rest.	Struct constructor expressions like `Point { x: 1, y: 2 }` must list ALL declared fields. Pre-v0.4.62 the lower silently zero-initialized any missing field — equivalent to a quiet `field: 0` (or `field: \"\"` for str). Rust errors here with E0063, so adopters writing the canonical idiom got a wrong value with no compile-time signal. Workaround: list every field explicitly, OR write a `Point::new(x, y)` constructor fn that supplies the rest.	
TYP-013	Unknown field in struct initialization (would silently drop the extra field)	Pre-v0.4.63 `Point { x: 1, y: 2, z: 3 }` for a 2-field Point silently dropped the extra `z` field (Rust E0560 errors). Check the struct definition and remove the unknown field, or add it to the struct decl.	Pre-v0.4.63 `Point { x: 1, y: 2, z: 3 }` for a 2-field Point silently dropped the extra field — the lower walked the init list in declared order, so any extra entries past the declared count were ignored. Rust errors here with E0560 — adopters writing canonical struct literals got a quiet wrong shape. Either remove the unknown field from the literal, or add it to the struct definition.	
TYP-026	Invalid or unproven `as char`, or non-void function reaches the end without returning a value	`as char` requires a valid Unicode scalar value. Constant casts must be within 0..0x10FFFF and outside 0xD800..0xDFFF; non-constant casts must be guarded by a recognized scalar-range proof such as `v >= 0 && v < 0xD800`. This code also covers non-void functions that can fall through without an explicit return or tail expression.	For `as char`, keep invalid constants out of the cast and guard dynamic codepoints before casting. For missing returns, audit every control-flow path and make the returned value explicit; side-effect-only functions should return void.	
TYP-027	Type inference failed	Strict inference mode found an expression whose type checker returned the empty-type sentinel. The compiler rejects it instead of treating the unknown type as compatible with every annotated type.	Add a concrete type annotation or route the expression through a helper whose return type is known to the type checker. For collection helpers, prefer typed methods or explicit wrappers until strict inference becomes the default.	
TYP-044	Implicit integer width conversion in binding	A binding annotated with one integer width was initialized by another integer width. Silent widening or narrowing is rejected so portability and truncation are explicit.	Cast explicitly with `as` at the binding site, or change the annotation to the expression's real integer width.	
FMT-002	Type does not implement Display for bare `{}` formatting	Bare `{}` formatting for a user struct requires an `impl Display for Type` with `fn fmt(self) -> str`; use `{:?}` for derived structural debug output.	`println!(\"{}\", value)` previously fell through to `int_to_str(value)` for struct values, printing an ABI handle instead of user-facing text. The format expander now hard-errors unless the struct has a Display impl; `println!(\"{:?}\", value)` remains the structural debug path.	
FMT-003	Format string has more arguments than `{}` placeholders (extras would be silently dropped)	`format!(\"{}\", 1, 2, 3)` (more args than placeholders) silently dropped the extras pre-v0.5.11 — including any side effects in the dropped argument expressions. Either add `{}` placeholders for each extra arg or remove the unused args from the call. Mirrors the v0.4.70 placeholder>args check (the loud-direction asymmetry that left this case silent).	Pre-v0.5.11 `format!(\"just {}\", 1, 2, 3)` silently dropped args 2 and 3 — the format expander walked the placeholders and stopped at the first arg, leaving the rest unevaluated/unreferenced. Adopter typos (left an arg after removing a placeholder) and refactor mistakes (renamed a placeholder, kept the arg) hit silently. v0.5.11 mirrors the v0.4.70 placeholder>args check direction so both asymmetries halt cleanly. Side-effecting expressions in dropped args (e.g. `format!(\"{}\", 1, expensive_call())`) no longer evaluate-then-discard.	
TRAIT-001	Missing From conversion for `?` error propagation	`?` on `Result<T, SrcErr>` inside a function returning `Result<U, DstErr>` requires `impl From<SrcErr> for DstErr` when the error payload types differ.	The `?` operator propagates the Err payload early. When the callee error type and enclosing function error type differ, Nucleor now performs the Rust-style `From<SrcErr> for DstErr` conversion. If that impl is absent, continuing would either return the wrong payload layout or silently expose the source error type through the destination API, so the compiler stops with TRAIT-001.	
NUM-001	Mixed-width arithmetic without cast	Nucleor follows Rust's no-implicit-conversion rule. Cast explicitly with `as`: `(u8_val as i32) + i32_val`.	Nucleor models on Rust: numeric types are distinct, no implicit conversion. Cast explicitly with `as`. Reasoning: silent conversions are a recurring bug source (truncation, sign extension).	
NUM-002	Numeric literal out of range for declared type	The literal does not fit in the declared type — e.g. 256u8 overflows u8.	Numeric literal exceeds the declared type's range — e.g. 256u8, -1u32, 4_000_000_000i32. Use a wider type or change the literal.	
NUM-003	Cast loses precision (warning)	An `as` cast may truncate or round. The warning is informational; promote to error with #![deny(precision_loss)].	Casting f64 to i32, i64 to i8 etc. may lose precision or wrap. The warning surfaces the risk; if intentional, suppress with #[allow(precision_loss)] on the call site.	
NUM-004	f8/f16/bf16 op without hardware support	The current target lacks hardware support for the requested low-precision float (f8e4m3 / f8e5m2 / f16 / bf16); the operation is emulated in software and may be slow.	RFC-0015 §3.4 — f8e4m3 / f8e5m2 (NVIDIA Hopper formats), f16 (IEEE half), and bf16 (Brain float) need hardware support to be fast. Without it the operation is emulated via f32 conversion in the runtime. The warning is informational; suppress with #[allow(no_hw_lp_float)] or move the kernel to a target that has the instruction set.	
NUM-005	usize/isize mixed with explicit-width type	usize and isize are platform-pointer-width and incompatible with explicit i64 / u64 etc. without cast.	usize/isize represent platform-pointer-width values used for indices and pointer arithmetic. Mixing with explicit i64/u64 risks portability bugs across 32-/64-bit targets.	
NUM-006	Signed/unsigned arithmetic without explicit cast	Signed and unsigned of the same width are distinct types. Cast one explicitly: `(u32_val as i32) + i32_val`. Reason: silent sign-coercion is a recurring bug source in C/C++.	Signed and unsigned types of the same width are distinct. Cast explicitly to make the conversion intent visible at the call site. Storage is i64-uniform under the hood, but the type system enforces sign-discipline.	
NUM-007	Float→int cast saturates to type bounds	Float→int cast saturates to the target's max/min when the value is out of range (matches Rust). Use `.try_as_i32()` if you want a Result-typed conversion that surfaces overflow.	Float→int cast in Rust semantics saturates (3e9 as i32 = i32::MAX, NaN as i32 = 0). Catches the silent-truncation bug class C inherits from its float→int rules.	
NUM-008	Shift amount equals or exceeds operand width (UB-prone)	Shift amount must be < operand width. `let x: u8 = 1; let y = x << 8;` is UB in C, returns 0 in some Rust modes, traps in others. Nucleor matches Rust 'wrapping shift' semantics in release; debug builds trap.	Shifting by >= the operand width is UB in C and panics in Rust debug mode. Nucleor matches Rust's release-mode wrapping shift; debug-mode trap will land with #[overflow(trap)] phase 7.2.	
NUM-009	@const_fn body contains an effectful operation	A function annotated `@const_fn` contains an effectful operation (I/O, allocation, panic-capable expression, or ambient capability). const-fns must be pure so they can be evaluated at compile time. Either remove the @const_fn annotation, or move the effectful work to a separate normal fn. Audit R09-D4 (NUM-G9) v0.8.293 — pre-v0.8.293 @const_fn was silently ignored; post-v0.8.293 it's enforced fail-closed.	C/C++ has no compile-time-evaluation contract; Rust's `const fn` enforces purity at the type-checker level. Nucleor's @const_fn now matches Rust: if the body could run effects at runtime, it can't be evaluated at compile time, so it's rejected. Phase 2 will actually evaluate and fold pure const_fn bodies.	
PERF-1	Invalid --tier value (router-level)	Router-level: --tier <X> got a value other than 0/1/2. Phase 2 wires --tier through to clang -O level + cache key + artifact metadata.	Tier validation lives at the router (powershell wrapper) so the compiler is never invoked with a malformed --tier; Phase 2 wires the value through. This matches Rust's split between `cargo` and `rustc` flag validation.	
PERF-2	@hot function contains a perf-violation (alloc / I/O)	A function annotated `@hot` contains a perf-violation: heap allocation (Vec::new / Box::new) or I/O (print / println / panic). Hot paths should be alloc-free and I/O-free; either suppress with #[allow_fn(PERF-2)] when intentional, or move the work out of the @hot body. Audit R10-D2 v0.8.297 — pre-v0.8.297 @hot was discovery-only; post-v0.8.297 violations emit a warning.	C++ has no `@hot` annotation; profile-guided optimization is the closest analogue. Rust's `#[inline(always)]` is a hint, not a contract. Nucleor's @hot is checker-enforced (Phase 1 warning, Phase 2 will promote some violations to error).	
PERF-3	Heap allocation inside a while/loop block (HeapInLoop)	A function body contains a Vec::new() or Box::new() call inside a `while` or `loop {}` block. Per-iteration heap allocation is the dominant perf bug class for adopters who compose with std collections. Move the alloc outside the loop (`let mut v = Vec::with_capacity(n);` then push inside), or use a stack buffer, or `#[allow_fn(PERF-3)]` when intentional. Audit R10-D2 v0.8.298.	Rust's clippy has the `needless_collect` lint and similar; this PERF-3 is the simpler ancestor — just don't allocate per iteration. C++ relies on profilers to catch this; Nucleor surfaces it at compile time.	
NUM-010	Implicit narrowing of f64 literal to f32 may lose precision	An f64 literal assigned to an f32 binding is narrowed via `__nucleor_as_f32` at the bind site (Phase 5). For most literals this is exact; for values requiring more than 24 bits of mantissa precision (e.g. 0.1), the rounded f32 differs from the f64.	f64 → f32 narrowing rounds to nearest representable f32, which is exact for many literals (1.0, 0.5, 2.5) but loses precision on others (0.1, 1/3). The warning is informational.	
NUM-011	Overflow attribute conflicts with operation kind	`#[overflow(trap)]` on a function whose body uses `wrapping_add` is contradictory — wrapping_add is opt-in and won't trap regardless of the attribute. Pick one mode.	#[overflow(trap)] + wrapping_add inside the same fn produces inconsistent semantics — wrapping always wraps regardless of attribute. Refactor to use the matching primitive.	
NUM-012	Cast from pointer to non-pointer-width integer	Casting `*const T` or `*mut T` to a non-pointer-width int (i8/i16/i32) loses bits on 64-bit targets. Use `usize`/`isize` for round-trip-safe pointer-int conversions.	Pointer-int cast portability: 32-bit targets have 32-bit pointers; 64-bit targets have 64-bit pointers. Use usize/isize for round-trip safety; explicit i32/i64 risks losing bits on the wrong target.	
NUM-013	Vec<T> requires sized element type	`Vec<T>` requires T to be a primitive or sized struct. Generic / trait-object element types are not yet supported (lands with the Vec<T> monomorphization phase).	Vec<T> monomorphization (Phase 8) currently supports primitives + flat structs. Generic / trait-object element types need a vtable layer that lands later.	
NUM-014	sizeof_struct on unknown / generic struct	`sizeof_struct(Foo)` requires Foo to be a defined struct with non-generic field types. Phase 3b ships byte sizes for primitives + simple structs; nested generic structs land in 3b.2.	sizeof_struct is compile-time-constant; the struct must be statically known. Generic struct parameters (Vec<T> field of an outer struct) defer to runtime via a separate sizeof query.	
NUM-015	extern fn signature uses non-ABI-stable type	`extern fn` signatures should use ABI-stable C types: i8..i64 / u8..u64 / f32 / f64 / ptr / str. Nucleor-only types (Vec<T>, str, generics) are forwarded as i64 handles via FFI but won't link to native C.	ABI stability matters when other languages call into Nucleor-compiled libraries. Stick to the C-stable types; Vec / str / generics need a manual marshalling layer.	
NUM-016	Comparison between signed and unsigned of equal width	Comparing i32 < u32 risks sign mismatch — the negative i32 is interpreted as a giant u32. Cast one operand explicitly to make the intent visible.	Equal-width sign mismatch is the C 'comparing -1 to 0xFFFFFFFF' bug — the comparison silently sign-extends and yields wrong answers. Always cast first.	
NUM-017	Bitwise op on signed type may have surprising sign-extension	Bitwise ops on signed types preserve the sign bit on right shift (arithmetic shift). For unsigned semantics use `bit_shift_right` (logical); for sign-preserving use `bit_shift_right_signed`.	Right-shift on a signed integer preserves the sign bit (arithmetic shift). For -8 >> 1, you get -4 (arithmetic) or 0x7FFF...FC (logical). Pick the helper matching your intent.	
NUM-018	Float literal in integer context	A float literal (`3.14`) was used where an integer is expected. Either cast (`3.14 as i32`) or change the binding type to f32/f64.	Integer context expects an integer; a float literal there is almost always a typo. If you intended a truncating conversion, write it explicitly with `as`.	
NUM-019	Negative literal assigned to unsigned type	`let x: u8 = -1` doesn't fit in u8 (range 0..255). Use `255u8` (the wrap result) or change the type to i8 / i16.	Unsigned types can't represent negative values. -1u32 as a literal is rejected; (-1 as u32) compiles and gives u32::MAX (the wrap result).	
NUM-020	Mixed-width comparison without explicit cast	`let a: i32 = 5; let b: i64 = 6; if a < b { ... }` mixes widths. Cast one operand: `if (a as i64) < b { ... }`.	Mixed-width comparison forces a widening conversion. Make it explicit so the reader sees which operand is being widened and why.	
NUM-021	Integer literal or constant expression overflows at compile time	A decimal integer literal exceeds u64::MAX, or a module-level const integer expression overflows i64 during compile-time evaluation. Pre-fix these paths wrapped through compiler internals and either produced meaningless bits, runtime-startup panics, or confusing generated-IR failures.	For oversized literals, reduce the literal or use a wide-int library. For const expressions, use an explicit wrapping_* / saturating_* helper, reduce the value, or move the calculation to runtime if wrapping is intentional.	
NUM-022	Integer vs float in arithmetic/comparison binop	`5 < 5.0` mixes integer and float operands; pre-v0.4.137 this silently coerced and the comparison produced unexpected results. Cast one operand: `5.0 < 5.0` or `5 < (5.0 as i64)`.	Pre-v0.4.137 the compiler silently coerced int↔float at binop sites; user programs got wrong results because LLVM's fcmp on bit-cast operands compares bit patterns, not values. NUM-022 turns the silent miscompute into a compile-time error so the cast intent is explicit.	
NUM-023	Float / bool `as`-cast to `str` rejected	`(3.14 as str)` and `(true as str)` are not defined as numeric `as`-casts. Use `str_from_float` / `str_from_bool` (or format) instead.	`as` is for numeric truncation/extension. `f64 as str` and `bool as str` were silent no-ops that returned an undefined pointer (URGENT — could SIGSEGV). NUM-023 rejects the cast and points at `str_from_float` / `str_from_bool`.	
NUM-024	Cross-width call-site narrowing audit (opt-in via NUCLEOR_AUDIT_NUM024=1)	Opt-in audit warning. With `NUCLEOR_AUDIT_NUM024=1` set, the compiler reports every call site where a wider-typed argument flows into a narrower-typed param via Nucleor's i64-everywhere ABI. v0.4.230 closed the audit surface to 0/0 across self-build by widening str_from_int's signature; the audit remains as a regression gate.	Audit-only. Nucleor's call ABI forwards every value as i64 regardless of the param's declared type. v0.4.221's attempt to trunc-on-entry broke the compiler's self-build because `str_from_int(n: i32)` was called with i64 magnitudes; v0.4.230 widened that signature and the audit surface dropped to 0/0. NUM-024 is now a permanent regression gate — any new declared-iN param called with a wider source-level type fires the warning.	
MATCH-001	Non-exhaustive match	The match does not cover all variants of the matched type. The compiler shows a witness uncovered value.	The match must cover every variant of the discriminant type, or use a wildcard (_) arm. Compiler shows the missing case.	
MATCH-002	Unreachable match arm	An arm is preceded by patterns that already match every case it would handle.	Patterns are tested in order. A later arm cannot match if an earlier arm covers all values it would handle.	
MATCH-003	Type mismatch between match arms	Match arm bodies must produce the same type (or () in statement context).	All arms in a match expression must yield the same type. Cast or restructure to align.	
MATCH-004	? in a function not returning Result/Option	The ? operator desugars to a function-level early return; the function must return Result/Option for ? to type-check.	The ? operator desugars to `match e { Ok(v) => v, Err(e) => return Err(e) }`. The function must return Result (or Option for option-?) for the desugar to type-check.	
MATCH-005	? error type doesn't Into the function's error type	? converts the inner error via `From::from`. The compiler cannot find an impl mapping the source error type to the function's declared error type.	RFC-0016 §3.7 — implement `From<SourceError> for TargetError` (or use a single boxed error type). The ? desugar inserts the conversion automatically.	
MATCH-006	unwrap() in #[no_panic] function	unwrap() panics on Err/None. Use unwrap_or, ?, or match in #[no_panic] code.	Use unwrap_or, unwrap_or_else, ?, or match in #[no_panic] context. The compiler treats unwrap as may_panic.	
MATCH-007	Range pattern bounds in wrong order	Range patterns like `1..=5` require `low <= high`. The compiler refuses inverted bounds since they would never match.	RFC-0023 §3.1 — swap the bounds. Half-open ranges `1..5` exclude the upper bound and have the same restriction.	
MATCH-008	Or-pattern arms have different bindings	Or-patterns like `Some(x) | Other(x)` must bind the same set of names with the same types in every arm so the body type-checks identically.	RFC-0023 §3.2 — every alternative must bind the same names with compatible types. Restructure the patterns so each path produces an identical binding set.	
MATCH-009	Slice pattern overlaps	Slice patterns split a slice into prefix/middle/suffix. Two patterns claiming the same element are ambiguous and rejected.	RFC-0023 §3.4 — at most one wildcard prefix/middle/suffix per slice pattern. Restructure to a non-overlapping decomposition.	
MATCH-010	@-binding name collides with outer scope	An @-binding (e.g. `n @ 1..=5`) introduces a fresh name; using a name already in scope is rejected to prevent silent shadowing.	RFC-0023 §3.3 — pick a fresh identifier for the binding, or `let outer = outer;` to make shadowing explicit before the match.	
MATCH-011	Match arms produce values of incompatible types	Every arm of a match expression must yield the same concrete type (or unit `()` in statement context). Pre-v0.4.140 heterogeneous arms silently produced whichever value the runtime hit first, with the wrong type stored in the result slot — a runtime SIGSEGV class.	RFC-0023 §3.5 — restructure each arm to yield the same type. Use a common ancestor (often `i64`) or split the match into kind-specific branches that don't merge.	
MATCH-012	Struct pattern field after `:` must be an identifier (literal field-equality patterns deferred)	Struct patterns currently support only the binding form `Point { x, y }` and the rename form `Point { x: rename, y: rename }`. Field-equality literal patterns like `Point { x: 0, y: 0 }` are deferred to v0.5+. Express the same intent today with a guard: `Point { x, y } if x == 0 && y == 0 => ...`. Pre-v0.4.163 the parser fed the literal's raw value as a string-id binding, producing garbage that crashed codegen with an ACCESS VIOLATION.	RFC-0023 §3.6 — replace `Point { x: 0, y: 0 }` with `Point { x, y } if x == 0 && y == 0 => ...`. Field-equality literal patterns ship in v0.5+ once nested-pattern lowering is wired.	
MATCH-013	Float scrutinee or float-literal pattern in `match` is not supported	Float scrutinees (`match x { ... }` for x: f32/f64) and float-literal patterns (`1.5 => ...`) are not supported. Float equality is fragile: NaN ≠ NaN, and arithmetic round-off makes literal-equality unreliable. Pre-v0.4.206 the compiler crashed with ACCESS_VIOLATION (no diagnostic) on float-lit patterns or float-typed scrutinees. Use an `if`-chain with tolerance (`if (x - 1.5).abs() < 0.001 { ... }`) or convert via `(x * 100.0) as i32` to match on integer scaled values.	Float pattern matching is intentionally unsupported (NaN ≠ NaN; round-off drift). Use an `if`-chain with tolerance, OR convert the float to a scaled integer (`(x * 100.0) as i32`) and match on the integer. Pre-v0.4.206 the compiler crashed with ACCESS_VIOLATION on this construct; now halts with a clear MATCH-013.	
MATCH-014	Negative literal bounds in range patterns are not yet supported	Range patterns currently parse only non-negative integer literal bounds. A pattern such as `-10..=-1` tokenizes as unary minus plus integer literal at each bound, and that unary form is not part of the range-pattern grammar yet. The compiler now halts with MATCH-014 instead of falling through to the generic NR020 expected-token error.	Use a guard today: `_ if value >= -10 && value <= -1 => ...`, or shift the matched domain before matching so the range bounds are non-negative literals. Full negative-bound range parsing needs unary-minus support in pattern grammar.	
MATCH-015	Negative literal pattern in match arm not yet supported	Negative literal patterns (`-5 => ...`) are not yet parsed; the unary minus is read as an operator, not part of the literal pattern. Sister to MATCH-014's range-bound limitation. Use a guard for now: `_ if x == -5 => ...`.	Use a guard today: `_ if x == -5 => ...`. Full negative literal pattern parsing ships alongside MATCH-014's range-bound fix.	
MATCH-016	Cross-enum pattern: scrutinee enum type does not match constructor's enum type	A pattern's enum constructor (e.g. `Color::Red`) names a different enum type than the scrutinee. Pre-v1.0.1 (Lane 1 audit fix F-002) this miscompiled silently — `match a { B::On => ... }` for `a: A` would lower the B variant tag against A's vtable, returning whichever A variant happened to share the tag value. The check now fires when the scrutinee's enum type can be inferred.	Either name the matching enum constructor (e.g. `A::Red` for a scrutinee of type `A`) or restructure to dispatch over the actual scrutinee enum. Lane 1 audit close (F-002) wires the structural check; the diagnostic is gated on the type-checker having scrut_t populated for the match site.	
ASSUME-001	predicate not in analyzer's vocabulary	The assume! predicate uses an expression form the analyzer doesn't track for static reasoning. Runtime check still happens; static benefit is none.	RFC-0004 §3.2 lists the predicate vocabulary the analyzer understands: x < N, x != 0, arr.len() == N, opt.is_some(), result.is_ok(), equality substitution. Other predicates are accepted as runtime checks but contribute nothing to static analysis.	
ASSUME-002	assume_unchecked! used without justification	assume_unchecked! disables even the debug-mode runtime check. The warning surfaces a missing comment justifying the unsafety.	RFC-0004 §3.6 — assume_unchecked! is a footgun for extreme RT loops. Document why the runtime check is too costly to justify.	
ASSUME-003	assume! predicate is a tautology	The assume! predicate is true for all inputs (e.g., assume!(x == x) or assume!(true)). The runtime check is dead code; remove the assertion.	RFC-0004 §3.9 — the compiler simplified the predicate to TRUE; the assume! adds no information for the analyzer and the runtime check is dead code. Delete the assume!.	
ASSUME-004	assume! contradicts type-system fact	The assume! predicate is provably false from the type system (e.g., assume!(x < 0) for x: u32).	The compiler proved the predicate is unsatisfiable at this program point. The assume! is wrong.	
ASSUME-005	cert-profile: assume! not proven	In --profile=cert, every assume! must be discharged via SMT proof or explicit chain-of-trust. The verifier could neither prove nor refute this one.	RFC-0004 §3.1 — in --profile=cert every assume! must be discharged. The proof obligation goes to the SMT pipeline; if neither prove nor refute is reached the cert build fails. Add a justification comment, derive the predicate from a stronger fact in scope, or weaken the assume.	
UNIT-001	Add/sub mismatched dimensions	Adding/subtracting unit<T,m> and unit<T,s> is dimensionally invalid. Convert one to the other or use multiplication.	RFC-0005 §3.1 — units form a 7-dimensional polynomial. Add/sub require equal dimensions; mul/div produce sums/differences of dimension exponents.	
UNIT-002	Implicit unit conversion attempted	Implicit unit conversion is forbidden by RFC-0005. Use explicit .into() or From::from to cross unit systems.	RFC-0005 §3.4 — silent unit conversions are exactly the bug class typed units exist to prevent.	
UNIT-003	Power expression is non-integer at compile time	Unit exponents must resolve to integers at compile time. e.g. m^2 is fine but m^x where x is runtime is not.	RFC-0005 §3.1 — unit exponents must be compile-time integer constants (positive or negative). Runtime-computed powers don't form a valid unit type. Refactor to use a fixed exponent or wrap in a dimensionless helper.	
UNIT-004	Unknown unit alias	Unknown unit alias. Check stdlib/rods/units_si.nr or units_imperial.nr.	RFC-0005 §3.3 — alias library lives in stdlib/rods/units_si.nr (SI), units_imperial.nr, units_robotics.nr.	
UNIT-005	Dimensional inconsistency in @law annotation	An @law annotation references quantities whose unit dimensions don't reduce — e.g. claiming a force-times-time equals a length.	RFC-0005 — @law annotations carry through unit checking. If the LHS and RHS of the law reduce to different unit dimensions the law is dimensionally wrong; review the law's algebra.	
CONTRACT-001	Require violation	A #[require(...)] precondition was violated by the caller. Caller must satisfy the predicate before the call.	RFC-0006 §3.2 — #[require] is checked at the call site (debug profile) or assumed (release). Either fix the call or relax the require.	
CONTRACT-002	Ensure violation	A #[ensure(...)] postcondition was violated by the function body. Body must produce a result matching the predicate.	RFC-0006 §3.3 — #[ensure] is checked at function exit. The function returned a value or modified state in a way that violated the contract.	
CONTRACT-003	Invariant violation	A #[invariant(...)] struct invariant was violated on method entry or exit.	RFC-0006 §3.4 — invariants checked on entry to + exit from every public method. Either restore the invariant before the method ends or weaken the invariant.	
CONTRACT-004	Trait impl weakens precondition (Liskov)	Liskov substitution: a trait impl cannot weaken the trait's preconditions. Add the missing #[require] to the impl.	RFC-0006 §3.5 — Liskov substitution principle. Trait impls cannot weaken preconditions; the impl must satisfy at least the trait's #[require].	
CONTRACT-005	Trait impl strengthens postcondition (Liskov)	Liskov substitution: a trait impl cannot strengthen the trait's postconditions either. The impl must guarantee at least what the trait promised.	RFC-0006 §3.5 — the dual of CONTRACT-004. An impl that promises strictly more than the trait breaks substitutability when callers swap the impl through a trait object. Match the trait's #[ensure] verbatim or weaken.	
CONTRACT-006	old(expr) references mutable state without snapshot	old(expr) reads the value at function entry; if expr was mutated by the body, take an explicit snapshot at entry first.	RFC-0006 §3.3 — old(expr) snapshots the value at function entry. If expr was mutated by the body, old(...) sees the post-mutation value because no entry snapshot was taken. Capture explicitly: `let _entry_x = x; ... old(x) = _entry_x;`.	
CONTRACT-007	In cert profile, contract not statically provable	In --profile=cert, every contract must be statically discharged. The SMT backend could not prove the predicate; tighten or annotate.	RFC-0006 — in --profile=cert, every contract is SMT-discharged. The solver could not prove the predicate. Strengthen the require/ensure with an additional clause that closes the gap, or annotate `#[contract(approximate)]` to fall back to runtime check.	
CONTRACT-008	result referenced in void-fn ensure	A #[ensure(...)] predicate references result, but the annotated function returns no value.	Remove `result` from the ensure predicate, or give the function a concrete return type if the contract is meant to constrain the returned value.	
CONTRACT-009	Invalid NUCLEOR_DBC_MODE value	NUCLEOR_DBC_MODE must be one of debug, safe-release, release, or cert.	Unset NUCLEOR_DBC_MODE for debug behavior, or set it explicitly to debug, safe-release, release, or cert.	
CONTRACT-010	old(expr) used in require precondition	old(...) snapshots function-entry state and is only meaningful in postconditions, not preconditions.	Move the old(...) check into #[ensure(...)] or compare directly against the incoming parameter in #[require(...)].	
CONTRACT-011	Undefined identifier in contract predicate	A contract predicate references an identifier that is not a fn parameter, DbC keyword (true/false/null/Some/None/Ok/Err/result/old/self), CamelCase type or variant name, or fn call site.	Check spelling of the identifier; rewrite the predicate to compare against a fn parameter; or qualify with a path / fn-call / field-access if it's actually a module-level reference.	
ATOMIC-001	Blocking call inside #[atomic] function	#[atomic] functions cannot block. Mutex::lock, Channel::recv, sleep, or syscalls are forbidden. Use lock-free structures (SpscQueue, MpmcQueue) or Atomic<T>.	RFC-0007 §3.3 — #[atomic] is the inter-thread RT contract. Use Atomic<T> ops, SpscQueue/MpmcQueue.try_push/try_pop, and avoid all blocking primitives.	
ATOMIC-002	Allocating call inside #[atomic] function	#[atomic] implies #[no_alloc]. See RT-001 explanation.	RFC-0007 §3.3 — see RT-001.	
ATOMIC-003	Use of Cell/RefCell in #[atomic]	Cell/RefCell carry runtime borrow checks that can panic; #[atomic] forbids panicking control flow. Use Atomic<T> primitives instead.	RFC-0007 — Cell/RefCell rely on runtime borrow tracking that may panic; #[atomic] forbids panicking flow because it would break atomicity guarantees. Replace with Atomic<T> or AtomicCell<T>.	
ATOMIC-004	Mismatched orderings in compare_exchange	compare_exchange takes (success, failure) orderings; failure must not be stronger than success and not Release/AcqRel. The compiler enforces the ordering lattice.	RFC-0007 §3.2 — compare_exchange takes (success_ordering, failure_ordering); failure cannot be stronger than success and cannot be Release/AcqRel (since failure does not perform a write). Compiler enforces the ordering lattice as defined by the C++/Rust memory model.	
ATOMIC-005	Invalid memory ordering for atomic load/store	atomic_load accepts Relaxed, Acquire, or SeqCst. atomic_store accepts Relaxed, Release, or SeqCst. Acquire stores and Release loads are invalid memory-model combinations.	RFC-0007 §3.2 maps MemOrder to LLVM atomic ordering keywords. LLVM rejects release/acq_rel loads and acquire/acq_rel stores; use Acquire/SeqCst for loads and Release/SeqCst for stores.	
ATOMIC-006	Atomic helper inside closure is temporarily unsupported	Closure lowering does not yet inherit the parent function's enum-variant scope for atomic memory-order constants.	Call the atomic helper directly from a regular function body instead of wrapping it in a closure until closure scope inheritance lands.	
ISR-001	#[isr] function must be fn() -> void	An ISR is entered by hardware, so the first pass accepts only a zero-argument void function. Move data exchange through atomics or static state.	RFC-0008 first pass — hardware-entered handlers must be `fn() -> void` with no params and no return value.	
ISR-002	#[isr] cannot be combined with #[deadline]	Deadline wrappers measure wall-time function calls. ISR latency is target interrupt timing, so #[deadline] composition is rejected.	RFC-0008 first pass — `#[isr]` rejects `#[deadline]`; use ISR-specific latency/vector tooling instead of deadline wrappers.	
ISR-003	Target does not support #[isr] yet	The current ISR lowering substrate recognizes cortex-m4f and rv32imac. Other targets must wait for a target-specific interrupt ABI ship.	RFC-0008 first pass — target-specific interrupt calling conventions are enabled only for cortex-m4f and rv32imac; other targets fail closed.	
ISR-004	Vector name not recognized for target	The vector name in #[isr(vector = ...)] does not match this target's PAC. Check stdlib/embedded/<target>/vectors.nr for the valid set.	RFC-0008 §3.1 — vector names are target-specific. The PAC for your MCU is in stdlib/embedded/<target>/vectors.nr.	
ISR-005	Two ISRs assigned to the same vector	Two #[isr] functions claim the same vector. The vector table can only bind one — combine them or distinguish the priorities.	RFC-0008 §3.3 — the vector table maps each interrupt source to exactly one handler. Two #[isr]'s claiming the same vector is ambiguous; either combine them, or use a software dispatch shim.	
ISR-006	Priority out of range for target NVIC	Cortex-M NVIC priorities range 0..2^N where N depends on the chip (typically 3–4). The supplied priority is out of range.	RFC-0008 §3.1 — Cortex-M NVIC priority bit-width varies (typically 3 or 4 bits = 8 or 16 priority levels). Check stdlib/embedded/<target>/nvic.nr for your chip's priority range.	
ISR-007	Malformed prio attribute (negative / string / missing value)	The `prio` named attribute inside #[isr(prio = N)] requires a non-negative integer literal. Pre-v0.6.32 negative-int / string-literal / bare-ident were silently accepted with undefined effect on the target controller.	v0.6.32 — `#[isr(prio = N)]` requires N to be a non-negative integer literal. Pre-fix the prio attribute parser silently accepted negative-int (`-1`), string-literal (`\"high\"`), and missing-value (bare `prio`) shapes; v0.6.32 catches them at the attribute site.	
ISR-008	#[isr] applied to a non-fn item	#[isr] is meaningful only on fn items. Pre-v0.6.31 it was silently dropped on non-fn items (struct/enum/impl/trait/mod/use/const/static/type) AND leaked to the next fn, surfacing as a misleading ISR-001 diag pointing at the wrong fn.	v0.6.31 — `#[isr]` may only be applied to fn items. Pre-fix the attribute was silently dropped on non-fn items AND leaked to the next fn in the file, producing a misleading ISR-001 diag pointing at the wrong fn (typically `main`). Originally shipped under ISR-004; renamed to ISR-008 in v0.6.32 because ISR-004 is reserved for the planned 'vector name not recognized' diag (RFC-0008 §3.1).	
WCET-001	#[deadline] function uses dynamic dispatch	Heptane needs a static call graph; dyn Trait or fn-pointers without #[wcet_dispatch_table] make targets unknown. Make the dispatch concrete or annotate the table.	RFC-0009 §3.5 — Heptane needs a static call graph. dyn Trait or fn-pointer dispatch makes the callee unknown. Either rewrite as monomorphized static dispatch or annotate with #[wcet_dispatch_table(...)] listing the candidate targets.	
WCET-002	Loop bound unknown	Add #[loop_bound(N)] or assume!(arr.len() == N) so Heptane can bound the loop.	RFC-0009 §3.2 — Heptane needs trip counts to bound loops. Annotate the loop with #[loop_bound(N)] or assert the array length with assume!(arr.len() == N) before entering.	
WCET-003	WCET exceeds declared deadline	Static WCET upper bound exceeds the declared deadline. See the WCET report for the dominant cost path.	RFC-0009 §3.3 — static WCET upper bound exceeds the declared deadline. The diagnostic shows the dominant cost path. Reduce loop bounds, simplify hot expressions, or relax the deadline.	
WCET-004	Indirect-call bound unknown	Indirect call (function pointer / closure) without a declared dispatch table — Heptane cannot bound the callee. Annotate or rewrite as static dispatch.	RFC-0009 §3.5 — same root cause as WCET-001 but specifically for fn pointers stored in a struct field or passed as an argument. Provide a #[wcet_dispatch_table] for the fn-pointer site.	
WCET-005	Recursive call exceeds #[max_depth]	Recursion in the WCET graph exceeds the #[max_depth] bound. Either raise the bound or refactor to iteration.	RFC-0009 + RFC-0014 — Heptane unrolls recursive calls up to #[max_depth]; if the analysis exceeds the bound, raise it (paying for the WCET cost) or eliminate the recursion.	
WCET-006	Heptane analysis failed (internal tool error)	Heptane crashed or returned an internal error. File a bug with the IL dump from `nuc dump --wcet-il`.	RFC-0009 — internal Heptane error. Re-run with `nuc dump --wcet-il -o /tmp/wcet.il` and file a bug attaching the IL dump.	
DLPACK-001	Unsupported device	DLPack tensor's device kind doesn't map to any device this Nucleor build supports. Check the supported set with `nuc target list`.	RFC-0010 §3.3 — DLPack defines device kinds (1=CPU, 2=CUDA, 3=CPUPinned, 4=OpenCL, ...). Nucleor binds the subset its target supports. Re-export with kind=1 (CPU) or recompile against a target that includes the device.	
DLPACK-002	Unsupported dtype	DLPack dtype field doesn't match a Nucleor numeric type. Check RFC-0010 §3.4 for the supported codes.	RFC-0010 §3.4 — DLPack dtype is a (code, bits, lanes) triple. Code 0=Int, 1=UInt, 2=Float, 3=BFloat, 4=Complex, 5=Bool. The supplied combination doesn't map to a Nucleor numeric type.	
DLPACK-003	Shape mismatch	Tensor's runtime shape doesn't match the static shape declared on the import side. Reshape upstream or relax the static shape.	RFC-0010 §3.2 — bind sites can carry static shapes via Tensor<Shape>. The runtime-discovered shape must agree, or upstream must reshape.	
DLPACK-004	Non-contiguous tensor and no copy requested	DLPack tensor's strides don't match a contiguous layout. Pass copy_on_import=true or contiguify upstream.	RFC-0010 §3.5 — DLPack tensors expose strides; if not contiguous and copy_on_import is false, Nucleor refuses (a copy would be unexpected). Either pass copy_on_import=true or contiguify upstream (np.ascontiguousarray, .contiguous(), etc.).	
DLPACK-005	DLPack version too old	DLPack ABI version on the wire is older than this build supports. Upgrade the producer.	RFC-0010 §3.1 — DLPack's struct layout has versioned. The producer is on an older ABI than this Nucleor build. Upgrade the producer.	
CXX-001	C++ header not found	#[cxx_include] points at a header that doesn't resolve under any --include-path. Add the path or relocate the header.	RFC-0011 §3.1 — #[cxx_include(\"...\")] resolves under --include-path / NUCLEOR_CXX_INCLUDE_PATH. Add the path or move the header.	
CXX-002	Type mismatch between Nucleor decl and C++ source	The Nucleor extern \"C++\" decl's signature doesn't match the libclang-extracted signature from the header. Update one to match the other.	RFC-0011 §3.3 — nuc-cxx parses the C++ header with libclang and compares the extracted signature with the Nucleor extern \"C++\" declaration. Mismatches must be reconciled in one direction.	
CXX-003	Use of std::function without #[no_dyn] opt-out	std::function is type-erased dispatch; #[no_dyn] forbids it. Refactor to a concrete callable type or opt out with #[allow(no_dyn)].	RFC-0011 §3.2 — std::function is type-erased and uses dynamic dispatch (typically allocating a heap functor). #[no_dyn] forbids both. Replace with a concrete callable or opt out at the call site.	
CXX-004	extern \"Nucleor\" type with non-#[repr(C)] layout	Types crossing the C++ bridge must have stable layouts. Add #[repr(C)] to the struct or wrap it.	RFC-0011 §3.1 — types crossing the bridge must have layout the C++ side can rely on. Add #[repr(C)] to make the layout C-stable.	
CXX-005	C++ exception escapes through bridge	C++ exceptions cannot unwind through a Nucleor frame. Wrap the C++ call site with try/catch and convert to Result<T, CxxError>.	RFC-0011 §5 — Nucleor frames don't unwind through C++ exceptions; the runtime intentionally aborts on uncaught C++ exceptions to preserve safety. Wrap the C++ call site in a try/catch that converts to Result<T, CxxError>.	
BINDGEN-001	Header file not found	nuc-bindgen could not locate the C header. Add --include-path or fix the spelling in the bindgen.toml.	RFC-0012 §3.1 — bindgen.toml's [headers] section lists C headers; each must resolve under --include-path. Either add the path or fix the spelling.	
BINDGEN-002	libclang parse error	libclang failed to parse the header. Common causes: missing -D defines, missing system headers, or C++ syntax in a .h file. Pass --extra-clang-arg to bindgen.	RFC-0012 §4 — libclang emitted parse errors. Common causes: missing #defines, missing system headers (add a sysroot), or C++ syntax in a .h file. Pass --extra-clang-arg='-D...' or '-isystem...'.	
BINDGEN-003	Type conversion not supported	C type has no Nucleor analog (e.g., GCC vector extensions, _Complex). Add a manual binding or skip with bindgen.toml's [skip] section.	RFC-0012 §3.2 — some C types have no Nucleor analog (GCC vector extensions, _Complex, __int128 on 32-bit targets). Either add a manual wrapper or skip the symbol with bindgen.toml [skip].	
BINDGEN-004	Forward-declared type with no definition	Header declares `struct foo;` but never defines it. Either #include the definition or mark the type opaque in bindgen.toml.	RFC-0012 §3.2 — `struct foo;` with no struct definition leaves the type opaque. Either #include the file that defines it (so libclang can extract the layout) or mark it opaque in bindgen.toml [opaque] (compiler will treat it as a void* handle).	
BINDGEN-005	Duplicate symbol	Two #include paths produced different definitions of the same symbol. Resolve by --keep-only or by reorganizing the include order.	RFC-0012 — duplicate symbol from two #include paths. Resolve via [keep_only] in bindgen.toml or by reordering includes so the canonical definition wins.	
URDF-001	No path from A to B in any imported URDF	RFC-0013 verifies frame chains at compile time. The compiler couldn't find a transform path between the two named frames in any URDF on the import path.	RFC-0013 §3.2 — frame chain compile-time check. The compiler walks every imported URDF and could not find a transform path between the two named frames. Either import a URDF that connects them or add a #[urdf_attach] joint.	
URDF-002	A and B in different URDFs without #[urdf_attach]	Two frames belong to separate URDF trees. Bridge them with #[urdf_attach(parent, child)] to declare the joint, or import a unified URDF.	RFC-0013 §3.3 — multiple URDF imports produce disjoint trees. #[urdf_attach(parent_frame, child_frame)] declares the joint that bridges them; without it the compiler refuses cross-tree transforms.	
URDF-003	Cycle in URDF tree	URDF parser detected a cycle (e.g. base_link → arm_link → base_link). The kinematic graph must be a tree.	RFC-0013 — the kinematic graph must be a DAG (rooted at base_link). A cycle suggests either a malformed URDF or two #[urdf_attach] joints that close a loop. Remove one of the bridging joints.	
URDF-004	URDF file not found	#[urdf_load(\"...\")] points to a missing file. Check working directory and import paths.	RFC-0013 §3.1 — #[urdf_load(\"path/to/robot.urdf\")] resolves relative to the source file's directory. Check the path and ensure the URDF is in source control or a known asset dir.	
URDF-005	URDF parse error	URDF XML failed to parse. Common issues: missing <robot> root, malformed <joint> attributes, mismatched origin tags.	RFC-0013 §3.1 — URDF parser uses minixml; common parse errors include missing <robot> root, malformed <joint type=\"...\"> attributes, mismatched origin tags, and unsupported plugin tags. Validate the URDF with `urdf-validator` first.	
URDF-006	Joint limit violated	Joint angle/displacement passed to lookup() exceeds the URDF-declared joint limit. Clamp upstream or relax the limit in the URDF.	RFC-0013 §3.4 — joint limits are declared in the URDF as <limit lower upper effort velocity/>. lookup() with an out-of-range angle/displacement is rejected. Clamp upstream or relax the URDF limit if mechanically valid.	
DEPTH-001	Max-depth analysis cannot bound recursive path	The RFC-0014 analyzer found recursion but could not prove a finite bound. Use a visible counter parameter, entry guard, and a positive counter increment; mark callback parameters #[no_recurse] only when they cannot recurse into the max_depth region.	RFC-0014 structural proof requires a visible counter and a guard. Unmarked callback paths, missing guards, or non-positive/non-literal recursive updates are rejected conservatively.	
DEPTH-002	Bounded recursion exceeds #[max_depth = N]	The analyzer proved a finite recursion depth, but that depth is larger than the declared #[max_depth = N].	RFC-0014 compared the proven guard depth with the declared N and found the code needs more stack frames than the annotation allows. Raise N or reduce the recursion depth.	
DEPTH-003	Mutually-recursive max_depth cycle violates bounds	A mutually-recursive cycle has incompatible or unproven #[max_depth] bounds. Runtime overrun checks also report this code when a counter exceeds N.	RFC-0014 SCC analysis found a cycle whose member bounds do not compose. Give every function in the cycle compatible guards/bounds or refactor through a single trampoline.	
DEPTH-004	Invalid #[max_depth] attribute placement or value	`#[max_depth]` must use a positive integer literal and apply directly to a fn declaration.	RFC-0014 only accepts fn-level #[max_depth = N] / #[max_depth(N)] with a positive integer literal. Other placements and symbolic values are rejected.	
DEPTH-005	Total stack budget exceeded	Sum of (max_depth_i * estimated_frame_size_i) along a recursion chain exceeds the project's stack budget.	RFC-0014 stack-budget check multiplies declared depth by estimated frame size. Reduce locals/frame size, reduce N, or convert recursion to iteration.	
LAW-001	Generated law check failed, declared law has unsupported arity, or canonical form lacks a shipped bounded checker	`nuc test --check-laws` generated a bounded integer check for a low-risk @law annotation and the check failed, or the declared law has unsupported arity for the annotated function. The shipped checker covers commutative, associative, identity, absorbing, idempotent, involution, distributive_over, and unary inverse forms (inverse round-trips `f(g(a)) == a` and `g(f(a)) == a` at four bounded sample integers). Fusion generation, Arbitrary-driven broad property tests, float tolerance handling, and SMT proof obligations remain future RFC-0031 phases and fail closed instead of being silently accepted.	`nuc test --check-laws` generated a bounded integer check for a low-risk @law annotation and found a counterexample, or the declaration is arity-incompatible with the annotated function (or, for `inverse = g`, the partner name is missing). The checker currently covers commutative, associative, identity, absorbing, idempotent, involution, distributive_over, and unary inverse forms; broader random Arbitrary generation, fusion generation, float tolerance handling, and cert-profile SMT proofs remain queued.	
LAW-002	SMT disproves law (RESERVED — Phase 3 not shipped)	RESERVED diagnostic. Phase 3 of RFC-0031 will route @law through Z3/CVC5 SMT proof under --profile=cert. Phase 1 (v0.8.265) does not run any solver; LAW-002 is reserved for future emission.	RESERVED. Phase 3 of RFC-0031 will route @law through Z3/CVC5 SMT proof under --profile=cert. As of v0.8.265 (Phase 1) no solver runs; LAW-002 is reserved for future emission.	
LAW-003	Law cited but optimizer cannot use it (RESERVED — Phase 2 not shipped)	RESERVED diagnostic. Phase 2 of RFC-0031 will pattern-match @law citations during optimizer pass; today the law-rewrite pass is a metadata-only no-op (v0.8.265). LAW-003 is reserved for the rewrite pass once it has real semantics.	RESERVED. Phase 2 of RFC-0031 will pattern-match @law citations during the optimizer's law-rewrite pass. As of v0.8.265 the law-rewrite pass (`opt_law_rewrite_block`) is a metadata-only no-op; LAW-003 is reserved for emission once the rewrite path has real semantics.	
LAW-004	Float or approximate law form lacks shipped tolerance semantics	`nuc test --check-laws` rejects float/approximate law modifiers until the language has explicit tolerance semantics. The canonical schema (docs/spec/Nucleor_Algebraic_Laws_Schema.md) lists eps as a future modifier for floats; this bounded integer checker fails closed.	`nuc test --check-laws` now emits this when a law uses `eps` or `approximate` before the float tolerance contract ships. Add an integer-only bounded law, or wait for the RFC-0031 float tolerance phase.	
LAW-006	Deprecated alias `zero = Z`; use `absorbing = Z`	`nuc test --check-laws` rejects the deprecated alias `zero = Z`; use the canonical `absorbing = Z`. The schema migration table is at docs/spec/Nucleor_Algebraic_Laws_Schema.md section 3.	`nuc test --check-laws` rejects the deprecated alias `zero = Z`; rename to `absorbing = Z` per the canonical schema (docs/spec/Nucleor_Algebraic_Laws_Schema.md section 3).	
LAW-007	Deprecated alias bare `distributive`; use `distributive_over = g`	`nuc test --check-laws` rejects the deprecated bare `distributive`; use the canonical `distributive_over = g` because the partner operator is required. See docs/spec/Nucleor_Algebraic_Laws_Schema.md section 3.	`nuc test --check-laws` rejects bare `distributive` because the partner operator is required; rename to `distributive_over = g` per the canonical schema.	
LAW-008	Unrecognized law name	`nuc test --check-laws` rejects any law name not in the canonical set (commutative, associative, identity, idempotent, involution, absorbing, distributive_over, inverse, fusion). Suggest a canonical spelling. See docs/spec/Nucleor_Algebraic_Laws_Schema.md section 1.	`nuc test --check-laws` rejects any law name not in the canonical set (commutative, associative, identity, idempotent, involution, absorbing, distributive_over, inverse, fusion). The canonical set is locked at docs/spec/Nucleor_Algebraic_Laws_Schema.md section 1.	
EFF-001	Function uses effect not in declared row	RFC-0032 effect rows are checked at type-check. The function body uses an effect (io.read, alloc, etc.) not declared in its signature's `+ effect_row`.	RFC-0032 §3.1 — every function carries an effect row. Use a function with effects requires the caller to permit those effects. Either declare the effects in the caller's row or remove the call.	
EFF-002	pure fn calls effectful fn	pure fn cannot perform side effects. Either remove the call, mark the callee pure, or remove the pure annotation from the caller.	RFC-0032 §3.2 — pure fn means no side effects (io, alloc, random, time, panic). The compiler can prove the call violates this.	
EFF-003	restricts [...] violated	restricts [...] forbids the listed effects in the callee. The callee uses an effect on the restrict list.	RFC-0032 §3.4 — restricts [...] is a contract on callbacks. Pass a different callback or remove the restrict.	
EFF-004	Effect declared but not used (warning)	An effect is in the function's `requires [...]` row but no call inside the body actually uses it. Remove the effect from the row to keep the type tight.	RFC-0032 — effect rows are typed contracts; an over-claimed row is a maintenance hazard (callers think the function reads io but it doesn't). Trim the row to match what's actually used.	
EFF-005	Custom effect handler missing	An effectful call requires a handler in scope (RFC-0032 §3.1) but none was found. Wrap the call site in a `with handler { ... }` block.	RFC-0032 §3.1 — a custom effect (e.g. `effect Telemetry`) needs a handler in scope to be discharged. Wrap the call site with `with telemetry_handler { ... }` or hoist the effect into the surrounding fn's row.	
COLL-001	K: Hash + Eq requirement violated	Hash-backed collections require K to implement both Hash + Eq.	RFC-0017 §3.2 — derive Hash + Eq for K, or use BTreeMap which only requires Ord, or change to a key type that already implements both.	
COLL-002	K: Ord requirement violated for BTree	BTree-backed collections require K to implement Ord.	RFC-0017 §3.3 — BTreeMap/BTreeSet rely on key ordering for sorted iteration and binary search. Derive Ord or implement it.	
COLL-003	Collection method that may grow used in #[no_alloc]	push/insert/etc. may allocate to grow. In #[no_alloc] context use try_*-suffixed variants or pre-size with with_capacity.	RFC-0017 §3.7 — pre-size with with_capacity_in for the worst case, then use try_push / push_within_capacity which never reallocate.	
COLL-004	Iterator invalidated by mutation during walk	Mutating a collection (push/remove/clear) while iterating it leaves the iterator pointing at stale or freed memory.	RFC-0017 §3.4 — collect indices to mutate during the iteration into a Vec, then apply mutations after the iter completes. The borrow checker tracks shared/mut conflicts on the underlying buffer.	
COLL-005	Index out of bounds on fixed-length collection	An index expression resolved to a value outside the collection's [0, len) bounds at compile time.	RFC-0017 §3.1 — fixed-length collections (arr[N], const-sized inline_vec) reject out-of-bounds accesses at compile time. Use a runtime-bounds-checked Vec, or guard with a length check.	
MOD-001	Module file not found at expected path	`mod foo;` resolved to a path that does not exist on disk.	RFC-0018 §3.1 — `mod foo;` resolves to ./foo.nr or ./foo/mod.nr relative to the current file. Check the path or create the file.	
MOD-002	Path references non-existent module/item	A use path or full-path reference resolves to a module/item that doesn't exist.	RFC-0018 §3.3 — verify the path. crate::x means project root; super::x means parent module; std::x means stdlib; <pkg>::x means registry dep.	
MOD-003	Visibility violation	Item not pub for the access level used (pub, pub(crate), pub(super), or unrestricted).	RFC-0018 §3.2 — add `pub` (or pub(crate)/pub(super)) to the item, or move the use site closer to where the item is visible.	
MOD-004	Glob `use *` from a module without an explicit prelude (warning)	use foo::* without an explicit prelude pulls in everything; can shadow names unexpectedly.	RFC-0018 — globs are noisy and shadow-prone. Prefer explicit `use foo::{a, b, c}` lists, or define a prelude module that's intentional about exports.	
MOD-005	Circular module dependency	Module dependency graph has a cycle (mod a uses b which uses a).	RFC-0018 — break the cycle by extracting shared definitions to a third module both depend on.	
MOD-006	Two `use` declarations bind the same name	Two use declarations binding the same identifier shadow each other; rename via `use foo::Bar as FBar`.	RFC-0018 §3.4 — rename one with `as`: `use foo::Bar as FBar`. The compiler does not silently shadow.	
PKG-001	Manifest schema error	Nucleor.toml manifest fails schema validation.	RFC-0019 §3.1 — see the canonical schema in docs/nuc-toml-spec.md (forthcoming). Common errors: missing [package] table, missing name/version, malformed [dependencies] entries.	
PKG-002	Version conflict — no resolution found	PubGrub resolver could not find a set of versions satisfying all constraints.	RFC-0019 §3.3 — PubGrub returns a structured conflict report. Common causes: two transitive deps require incompatible major versions of a shared dep. Loosen one constraint or pick a newer version of the conflicting transitive.	
PKG-003	Checksum mismatch	Downloaded package hash does not match the lockfile entry. Possible network corruption or registry compromise.	RFC-0019 §3.4 — re-run `nuc update` to refresh the lockfile if intentional, or escalate (registry compromise) if unexpected.	
PKG-004	Network error fetching package	HTTP/git fetch failed. Check connectivity, registry URL, and auth tokens.	RFC-0019 §3.5 — verify network connectivity. For git deps, check the URL; for registry, check NUCLEOR_REGISTRY env or fall back to https://nucleor.dev/registry/ default.	
PKG-005	Unknown package / version	Package or version not in registry. Check spelling; the version may be yanked.	RFC-0019 §3.5 — `nuc search <name>` to discover the package; check spelling and case (registry is case-sensitive).	
PKG-006	Yanked version explicitly required	The lockfile pins a version that the registry has yanked. Re-run nuc update to pick a non-yanked version.	RFC-0019 §3.5 — yanked versions are kept downloadable for users with existing lockfiles but not chosen by `nuc add`. Either pin the yanked version explicitly with `=X.Y.Z`, or update.	
TGT-001	Unknown target triple	Target triple does not match Tier-1 (windows-msvc, linux-gnu, apple-darwin) or any installed Tier-2/3 target.	RFC-0022 §3.1 — see the Tier-1 list in the RFC. Tier-2/3 targets need explicit installation.	
TGT-002	Sysroot not installed for target	Run nuc install sysroot --target=<triple> to install the cross-compilation sysroot.	RFC-0022 §3.7 — sysroots ship from nucleor.dev/sysroots/. The download is signed; install with `nuc install sysroot --target=<triple>`.	
TGT-003	Feature unsupported on target	Feature requires capability missing on this target (e.g. mmap on bare metal). Use --target check to see the missing capability list.	RFC-0022 §3.6 — runtime feature audit. Some `_rt.c` modules guard with `_WIN32` / `__linux__` / etc.; bare-metal targets exclude entire categories.	
TGT-004	Cross-link error	Cross-linker rejected the binary. Likely missing C library; consult the linker error output for the specific symbol.	RFC-0022 §3.7 — likely missing libc on the target. For Linux→Windows or macOS→Linux cross, consult `clang --target=<triple> --print-search-dirs`.	
TST-001	Test discovery: no #[test] functions found	`nuc test` scanned the source but found no functions annotated `#[test]`. Either add tests or invoke `nuc build`/`nuc check` directly.	RFC-0021 §3.1 — the discovery pass walks every fn declared in the source and looks for the `#[test]` attribute. None found means either the file has no tests yet or all candidates are gated behind `#[cfg(test)]` that isn't active. To run a single test from a non-test source, mark it `#[test]` explicitly.	
TST-002	Test isolation: process child crashed before reporting	Under `--isolation=process`, the spawned child for a test exited with an unexpected signal (segv / abort / oom) before the harness could record PASS or FAIL.	RFC-0021 §3.4 — `--isolation=process` runs each test in a fresh child via env-var dispatch (`NUCLEOR_TEST_ONLY=<name>`). If the child segfaults, aborts, or is OOM-killed before `print('PASS …')` or `print('FAIL …')`, the harness reports TST-002 with the child's exit code. Re-run under a debugger or drop `--isolation=process` to see the panic in the parent.	
TST-003	Test fixture: setup fn returned non-zero	A `#[test]` declared `setup` or `teardown` returned non-zero. The test body did not run.	RFC-0021 (deferred) — the v0.4 fixture work adds `#[before]` / `#[after]` hooks that gate the test body. A non-zero return from the setup hook reports TST-003 and skips the body. Until v0.4 lands, manage setup imperatively at the top of each `#[test]` fn.	
OWN-G4-USE-AFTER-DROP	Use of value after manual free (use-after-drop)	A heap-backed binding (Vec/HashMap/Box/String/VecDeque) was freed by an explicit `vec_free` / `hashmap_free` / etc., and a subsequent read of the same binding would alias freed memory. Either move the read above the free, drop the binding before the free site, or remove the explicit free and let auto-drop handle the lifetime.	RFC-0062 G-4 (v1.0) — IR-level use-after-drop gate. The compiler tracks heap-backed bindings (Vec / HashMap / Box / String / VecDeque) and marks them dead after an explicit free. Reading a dead binding aliases freed memory and is rejected at error severity. Auto-drop is on by default at v1.0; explicit `vec_free` / `hashmap_free` is only required for `#[manual_drop]` paths.	
OWN-G8-COND-MOVE	Use of value moved on one branch but not the other	Inside an if/else (or other branching control flow), the binding was moved on one arm but not the other. After the join point, a read of the binding cannot be proven safe because some CFG paths leave it valid and others leave it moved. Either move on every path, on no path, or restructure to avoid the post-join read.	RFC-0062 G-8 (v1.0) — conditional-move tracking. The move-state lattice intersects the `if` and `else` arms at the join point. If the binding is moved on one side and intact on the other, the post-join read is rejected. The fix is symmetry: move on every path, on no path, or restructure so the read is dominated by an arm where the binding is still valid.	
INIT-G11-READ-BEFORE-INIT	Read of binding before definite assignment	A `let mut x: T;` declaration without an initializer was followed by a read where the definite-assignment flow analysis cannot prove every CFG path assigns `x` first. Initialize at the declaration site, assign on every path before the read, or move the read inside a branch that assigns.	RFC-0062 G-11 (v1.0) — definite-assignment flow analysis. A `let mut x: T;` declaration without an initializer creates a binding the analysis tracks as 'definitely uninitialized'. A read is allowed only if every CFG path from the declaration to the read site assigns to `x`. The lattice meet at join points is intersection, so a single un-assigning path forces the diagnostic.	
BORROW-G2-LIFETIME	Returned reference does not trace back to a reference input	A function with one reference input and a reference return type returns a borrow that does not trace back to the input — typically a borrow of a stack-local value, a synthesized temporary, or a reference threaded through a non-input path. Return by value, take/return ownership, or restructure so the returned reference is rooted at the input parameter.	RFC-0062 G-2 (v1.0) — single-input lifetime enforcement. For functions with one reference-typed input and a reference-typed return, the v1.0 gate requires the returned reference to be derived from the input. Returning a borrow of a stack-local, a synthesized temporary, or a value reached only through a non-input traversal is rejected.	
ALIAS-G3-VEC-OF-REFS	Heap aliasing: vec_push of borrow into Vec<&T>	A `vec_push` / `vec_insert` lands a borrow into a `Vec<&T>`. The syntactic borrow tracker does not follow elements through `Vec<&T>`, so the alias relationship between the pushed reference and any later borrow of the same backing storage is invisible to the checker. Use a `Vec<T>` (owned) or restructure to thread the lifetime through the function signature.	RFC-0062 G-3 Phase 3 (v1.0) — heap-aliasing detection. The syntactic borrow tracker does not follow elements through `Vec<&T>`. Pushing a borrow into the Vec creates an alias the checker cannot see, so a subsequent mutation of either side could silently invalidate the other. The v1.0 fix is to reject `vec_push` / `vec_insert` on `Vec<&T>` at error severity.	
ALIAS-G3-HASHMAP-REHASH	Heap aliasing: mutating hashmap call invalidates outstanding borrow	A mutating `hashmap_insert` / `hashmap_remove` / `hashmap_clear` runs while an outstanding borrow into the hashmap is live. The rehash can move backing storage and invalidate the borrow. End the borrow first, copy out the value, or move the mutating call before the borrow.	RFC-0062 G-3 (v1.0) — HashMap rehash invalidation. Mutating `hashmap_insert` / `hashmap_remove` / `hashmap_clear` calls can move backing storage. Any borrow that points into the map's interior is invalidated by the rehash. The v1.0 gate detects an outstanding borrow at the call site and rejects it.	
SEND-G6-HASHMAP	Spawn-call argument carries a non-Sendable HashMap	A spawn-call argument carries a `HashMap` (or a struct/tuple/enum containing one). HashMap is non-Sendable in v1.0 — the rehash + iterator state are not safe to move across thread boundaries. Convert to a `Vec<(K, V)>` snapshot, wrap in a Sendable handle, or pass only Sendable values into the spawn.	RFC-0062 G-6 (v1.0) — Sendable closure propagation. Spawn-class calls require their argument graph to be Sendable. HashMap is non-Sendable in v1.0 because the rehash + iterator state are not safe to move across thread boundaries. The structural send-checker walks the argument graph; this code fires when a HashMap (or a struct/tuple/enum carrying one) is reached.	
SEND-G6-CLOSURE-CAPTURE	Spawn-call closure captures a non-Sendable value	A closure passed to `spawn` (or another spawn-class call) captures a non-Sendable value through its environment. The recursive capture-set walker traces every binding the closure body reads. Either remove the offending capture, convert it to a Sendable form before the spawn, or use a bare-parameter closure that takes the value as an argument.	RFC-0062 G-6 (v1.0) — Sendable closure propagation. The recursive capture-set walker traces every binding the closure body reads. A closure that captures a non-Sendable value through its environment is itself non-Sendable. Bare-parameter closures (no captures) are clean.	
SEND-G6-TUPLE	Spawn-call argument is a tuple containing a non-Sendable element	A spawn-call tuple argument contains a non-Sendable element. Send-checking is structural — the tuple is non-Sendable if any field is. Project out the Sendable members and move them individually, or convert the offending field before the spawn.	RFC-0062 G-6 (v1.0) — Sendable structural propagation. Tuples are Sendable iff every field is Sendable. A spawn-call tuple argument with a non-Sendable element fails the gate at the offending field's path through the tuple.	
SEND-G6-ENUM	Spawn-call argument is an enum variant carrying a non-Sendable payload	A spawn-call enum-variant argument carries a non-Sendable payload (typically a HashMap inside one of the variants). The Send analysis is structural across all variants. Either remove the non-Sendable payload from the enum or pre-extract a Sendable view before the spawn.	RFC-0062 G-6 (v1.0) — Sendable structural propagation across enum variants. The Send analysis is structural across all variants of the enum: if any variant carries a non-Sendable payload, the enum itself is non-Sendable for the purposes of the spawn-boundary gate.	
FFI-G5-NULL-DEREF	Use of may_return_null FFI pointer without a dominating null guard	An `extern fn` declared `#[effect(may_return_null)]` returned a raw pointer that was dereferenced (or passed to a non-null sink) without a dominating `ptr_is_null(<binding>)` guard. Add an explicit `if ptr_is_null(p) { return ...; }` before the use, or use a Result/Option-typed wrapper. The guard-state lattice is intersected at if/else joins so a guard on every path counts.	RFC-0062 G-5 (v1.0) — FFI null-contract enforcement with deref dataflow. An `extern fn` declared `#[effect(may_return_null)]` returns a pointer that may be null; reading or passing it to a non-null sink without a dominating `ptr_is_null(<binding>)` guard is rejected. The guard-state lattice intersects at if/else joins, so guarding on every CFG path from the FFI return to the use site satisfies the gate.	
FFI-G9-MISSING-ALLOW-DIRECT-FFI	Call to extern fn without #[effect(direct_ffi)] / #[allow_effect(direct_ffi)] on the caller	The calling function invokes an `extern fn` without declaring `#[effect(direct_ffi)]` or `#[allow_effect(direct_ffi)]`. Direct FFI is a tracked effect — the annotation makes the audit explicit. Add the attribute on the calling fn (or on a containing fn that intentionally exposes the effect).	RFC-0062 G-9 (v1.0) — FFI direct-call discipline. Direct FFI is a tracked effect. Every call to an `extern fn` from Nucleor source must be reachable from a function that declares `#[effect(direct_ffi)]` or `#[allow_effect(direct_ffi)]`. The annotation makes the audit explicit at function boundaries.	
UNSAFE-G7-MISSING-ALLOW	unsafe { } block without #[effect(unsafe)] / #[allow_effect(unsafe)] on the caller	An `unsafe { ... }` block was written in a function that does not declare `#[effect(unsafe)]` or `#[allow_effect(unsafe)]`. Audited unsafe is a tracked effect. The OSS compiler self-host source contains zero unsafe blocks; if a user-code path needs one, the annotation makes the deviation explicit.	RFC-0062 G-7 (v1.0) — audited unsafe. `unsafe { ... }` blocks are a tracked effect and require the enclosing function to declare `#[effect(unsafe)]` or `#[allow_effect(unsafe)]`. The OSS compiler self-host source contains zero unsafe blocks; if a user-code path needs one, the annotation makes the deviation explicit at function-boundary granularity.	
EFFECT-G10-UNDECLARED	Function produces an effect that is not in its declared #[effect(...)] row	The function body produces an effect (frees, borrows_mut, may_return_null, direct_ffi, unsafe) that is not declared in the function's `#[effect(...)]` row. Either add the effect to the row, or refactor to remove the effect-producing call from the function body.	RFC-0062 G-10 (v1.0) — effect-annotations framework. The function body produces an effect (frees, borrows_mut, may_return_null, direct_ffi, unsafe) that is not in its declared `#[effect(...)]` row. The fix is either to add the effect to the row or to refactor the body so the effect is no longer produced.	
EFFECT-G10-MISSING-ALLOW	Caller invokes effectful fn without an #[allow_effect(...)] entry for the produced effect	The caller invoked an effectful function without an `#[allow_effect(...)]` entry for the produced effect. Either add the matching `#[allow_effect(...)]` on the caller or declare the effect on the caller's `#[effect(...)]` row to propagate it.	RFC-0062 G-10 (v1.0) — effect-annotations framework. The caller invoked an effectful function but did not declare an `#[allow_effect(...)]` for the produced effect. The annotation is per-effect, so each effect the caller intentionally tolerates from callees needs its own entry. Alternatively, declare the effect on the caller's `#[effect(...)]` row to propagate it to the caller's caller.	
EFFECT-G10-WRONG-ROW	Declared #[effect(...)] row does not match the effects the function actually produces	The declared `#[effect(...)]` row does not match the effects the function actually produces — typically a row claims an effect the body never emits, or omits one that the body does emit. Reconcile the row with the body.	RFC-0062 G-10 (v1.0) — effect-annotations framework. The declared `#[effect(...)]` row does not match the function's body — typically claiming an effect the body never produces, or omitting one the body does produce. The gate enforces tight rows: declared = produced, no surplus and no shortfall.	
